"","SampleID","Organ","Infection_status_blood","Parasitemia_in_percent","Age_2category","Reproductive_status","Sex","Season","Sample_ID_sequencing","Counts_Ken","TPM_Ken","Name","A1C","Ketone","HDL","TRIGLYC","Na","K","Cl","TCO2","BUN","Glu","Hct","pH","PCO2","HCO3","Beecf","AnGap","Hb","Mass","Class_DMR","Age_category_DMR","Dissection.date","BCI","numerators....of.parasites.","denominators....of.erythrocytes.","trypanosome_infection","OriginalClass","Class..Aug.2018.","ID","hepatocystis_transcriptome_parasitemia","Sequencing_depth","mean_correction_factor","rpmh"
"1","DMR1000","Liver","infected*",0.017,"Young","Nonreproductive","Male","Rainy","1E7-DMR1000-L_S52",224905.6659,119771.4141,"L_S52",5.1,1.1,NA,50,140,"5.8","115",20,"70","70",54,7.121,56.3,18.3,"-11",13,18.4,70.9,"Male Nonreproductive Subadult","Subadult","16/07/2017",0.924621805,2,11750,0,"MALE YOUNG/SUBADULT","MALE SUBADULT","DMR1000.L",2448,1854728,1.54501564494008,3782.19829881333
"2","DMR1001","Liver","undetected*",0,"Young","Nonreproductive","Male","Rainy","1C4-DMR1001-L_S27",538972.7375,205099.5249,"L_S27",5.3,1.1,NA,50,153,"4.4","122",NA,"93","48",56,NA,NA,NA,NA,NA,19,66.66,"Male Nonreproductive Subadult","Subadult","16/07/2017",0.867516918,0,18800,0,"MALE YOUNG/SUBADULT","MALE SUBADULT","DMR1001.L",2832,2396794,1.19559034990426,3385.91187092887
"3","DMR1002","Liver","infected*",0,"Young","Nonreproductive","Male","Rainy","1B3-DMR1002-L_S18",387992.3252,174858.9394,"L_S18",4.8,1,NA,50,142,"6.1","118",23,"52","22",45,7.185,55.9,21.1,"-7",10,15.3,48.14,"Male Nonreproductive Juvenile","Juvenile","16/07/2017",0.701442518,0,30000,0,"MALE JUVENILE (MASS < 55)","MALE JUVENILE","DMR1002.L",6725,2111080,1.35740179297252,9128.52705774022
"4","DMR1003","Liver","infected*",0.049382716,"Adult","Reproductive","Female","Rainy","1F9-DMR1003-L_S69",NA,NA,"L_S69",NA,NA,"",NA,NA,"","",NA,"","",NA,NA,NA,NA,"",NA,NA,NA,"Female Reproductive Adult","Adult","16/07/2017",NA,NA,NA,0,"FEMALE PREGNANT ADULT","FEMALE PREGNANT ADULT","DMR1003.L",10332,2101485,1.3635994437783,14088.7094531174
"5","DMR1003","Spleen","infected*",0.049382716,"Adult","Reproductive","Female","Rainy","2A11-DMR1003-S_S158",NA,NA,"S_S158",NA,NA,"",NA,NA,"","",NA,"","",NA,NA,NA,NA,"",NA,NA,NA,"Female Reproductive Adult","Adult","16/07/2017",NA,NA,NA,0,"FEMALE PREGNANT ADULT","FEMALE PREGNANT ADULT","DMR1003.S",12112,2368814,1.2097124455987,14652.0371410914
"6","DMR1004","Liver","infected*",NA,"Young","Nonreproductive","Male","Rainy","1D4-DMR1004-L_S28",379447.6746,136255.4918,"L_S28",NA,0.6,"21",50,142,"5.6","116",21,"63","21",46,7.166,54.5,19.7,"-9",12,15.6,40.85,"Male Nonreproductive Juvenile","Juvenile","17/07/2017",0.605723606,0,0,1,"MALE JUVENILE (MASS < 55)","MALE JUVENILE","DMR1004.L",16965,2645256,1.08329166519552,18378.043100042
"7","DMR1004","Spleen","infected*",NA,"Young","Nonreproductive","Male","Rainy","2D9-DMR1004-S_S149",318778.5572,134487.2781,"S_S149",NA,0.6,"21",50,142,"5.6","116",21,"63","21",46,7.166,54.5,19.7,"-9",12,15.6,40.85,"Male Nonreproductive Juvenile","Juvenile","17/07/2017",0.605723606,0,0,1,"MALE JUVENILE (MASS < 55)","MALE JUVENILE","DMR1004.S",13815,2728917,1.05008095779697,14506.8684319651
"8","DMR1005","Spleen","infected*",0.5128,"Young","Nonreproductive","Male","Rainy","1D1-DMR1005-S_S4",370483.3721,178721.3127,"S_S4",NA,0.9,NA,50,147,"7","125",20,"58","<20",55,7.07,61.8,17.9,"-12",11,18.7,43.58,"Male Nonreproductive Juvenile","Juvenile","17/07/2017",0.663722205,50,9750,0,"MALE JUVENILE (MASS < 55)","MALE JUVENILE","DMR1005.S",18522,2382398,1.20281488529978,22278.5373055226
"9","DMR1006","Liver","infected*",0.0141,"Young","Nonreproductive","Male","Rainy","1A4-DMR1006-L_S25",256667.0367,92977.80616,"L_S25",NA,1,NA,50,148,"4.1","117",22,"54","27",47,7.131,60.5,20.2,"-9",15,16,52.09,"Male Nonreproductive Juvenile","Juvenile","17/07/2017",0.731190343,3,21250,0,"MALE JUVENILE (MASS < 55)","MALE JUVENILE","DMR1006.L",5570,3106308,0.922504715278856,5138.35126410323
"10","DMR1006","Spleen","infected*",0.0141,"Young","Nonreproductive","Male","Rainy","2A6-DMR1006-S_S128",286847.9248,100354.4165,"S_S128",NA,1,NA,50,148,"4.1","117",22,"54","27",47,7.131,60.5,20.2,"-9",15,16,52.09,"Male Nonreproductive Juvenile","Juvenile","17/07/2017",0.731190343,3,21250,0,"MALE JUVENILE (MASS < 55)","MALE JUVENILE","DMR1006.S",4941,3587656,0.79873426468659,3946.54600181644
"11","DMR1007","Liver","infected*",0,"Young","Nonreproductive","Male","Rainy","1B11-DMR1007-L_S81",483355.6393,193817.3838,"L_S81",NA,0.8,NA,50,145,"5.2","110",27,"51","26",54,7.156,71.6,25.2,"-4",15,18.4,42.18,"Male Nonreproductive Juvenile","Juvenile","17/07/2017",0.613973799,0,0,0,"MALE JUVENILE (MASS < 55); CHECK SPECIMEN; HAD RECORDED ""SMALL EPAULETTES""","MALE JUVENILE","DMR1007.L",4032,2293707,1.24932424983158,5037.27537532091
"12","DMR1008","Liver","infected*",0.2154,"Adult","Reproductive","Female","Rainy","1F6-DMR1008-L_S46",225392.4016,67358.13048,"L_S46",5.1,1.3,NA,52,114,"5.3","116",16,"66","54",54,7.206,37.9,15,"-13",18,18.4,64.4,"Female Reproductive Adult","Adult","17/07/2017",0.871447903,21,9750,0,"FEMALE PREGNANT ADULT","FEMALE PREGNANT ADULT","DMR1008.L",12782,3495571,0.819775589484074,10478.3715847854
"13","DMR1009","Liver","infected*",0.3,"Young","Nonreproductive","Male","Rainy","2A12-DMR1009-L_S164",261309.2012,78755.64687,"L_S164",NA,1.2,NA,50,145,"5.6","112",23,"64","22",46,7.148,62.1,21.5,"-7",18,15.6,44.91,"Male Nonreproductive Juvenile","Juvenile","17/07/2017",0.673212412,27,9000,1,"MALE JUVENILE (MASS < 55)","MALE JUVENILE","DMR1009.L",13938,4035489,0.710095796843563,9897.31521640558
"14","DMR1010","Liver","infected*",0.1571,"Adult","Reproductive","Female","Rainy","2B6-DMR1010-L_S129",190882.7802,54205.52171,"L_S129",NA,0.7,NA,50,143,"3.5","118",16,"70","55",52,7.136,44.4,15,"-14",14,17.7,67.04,"Female Reproductive Adult","Adult","17/07/2017",0.902774037,11,7000,0,"FEMALE PREGNANT ADULT","FEMALE PREGNANT ADULT","DMR1010.L",20214,3988017,0.718548536053992,14524.7401077954
"15","DMR1010","Spleen","infected*",0.1571,"Adult","Reproductive","Female","Rainy","2D10-DMR1010-S_S155",564268.5605,199480.0107,"S_S155",NA,0.7,NA,50,143,"3.5","118",16,"70","55",52,7.136,44.4,15,"-14",14,17.7,67.04,"Female Reproductive Adult","Adult","17/07/2017",0.902774037,11,7000,0,"FEMALE PREGNANT ADULT","FEMALE PREGNANT ADULT","DMR1010.S",47743,3068070,0.934002085059478,44592.0615469947
"16","DMR1011","Liver","infected*",0.5088,"Adult","Reproductive","Female","Rainy","2E3-DMR1011-L_S114",576551.2403,175912.8806,"L_S114",5,1.1,NA,59,148,"4.8","112",18,"48","54",51,7.15,47.3,16.5,"-12",24,17.3,56.79,"Female Reproductive Adult","Adult","17/07/2017",0.798397301,29,5700,0,"FEMALE PREGNANT ADULT","FEMALE PREGNANT ADULT","DMR1011.L",22224,3260179,0.878965166363084,19534.1218572532
"17","DMR1011","Spleen","infected*",0.5088,"Adult","Reproductive","Female","Rainy","1F8-DMR1011-S_S61",277074.0256,149306.3501,"S_S61",5,1.1,NA,59,148,"4.8","112",18,"48","54",51,7.15,47.3,16.5,"-12",24,17.3,56.79,"Female Reproductive Adult","Adult","17/07/2017",0.798397301,29,5700,0,"FEMALE PREGNANT ADULT","FEMALE PREGNANT ADULT","DMR1011.S",40319,2227089,1.28669477380941,51878.2465852218
"18","DMR1012","Liver","infected*",0.2455,"Young","Nonreproductive","Female","Rainy","1C3-DMR1012-L_S19",850166.4961,409624.6764,"L_S19",5,1.5,NA,50,139,"6.5","116",18,"49","<20",45,7.04,60.3,16.3,"-14",14,15.3,43.28,"Female Nonreproductive Subadult","Subadult","17/07/2017",0.662787136,27,11000,0,"FEMALE < ADULT","FEMALE SUBADULT","DMR1012.L",34479,1353597,2.11701398356264,72992.5251392561
"19","DMR1013","Liver","infected*",0.2733,"Adult","Reproductive","Male","Rainy","1B2-DMR1013-L_S10",258842.9321,109618.8,"L_S10",NA,1.6,NA,50,151,"4.3","122",18,"67","58",56,7.126,50.1,16.5,"-13",16,19,75.66,"Male Reproductive Adult","Adult","17/07/2017",1.005181347,41,15000,0,"MALE SCROTAL ADULT","MALE SCROTAL ADULT","DMR1013.L",19960,2694582,1.06346133727177,21226.6882919445
"20","DMR1013","Spleen","infected*",0.2733,"Adult","Reproductive","Male","Rainy","2F9-DMR1013-S_S151",323676.1858,158102.6584,"S_S151",NA,1.6,NA,50,151,"4.3","122",18,"67","58",56,7.126,50.1,16.5,"-13",16,19,75.66,"Male Reproductive Adult","Adult","17/07/2017",1.005181347,41,15000,0,"MALE SCROTAL ADULT","MALE SCROTAL ADULT","DMR1013.S",27133,2477320,1.1567273412835,31385.4829510451
"21","DMR1014","Liver","infected*",0.2667,"Adult","Reproductive","Female","Rainy","1C12-DMR1014-L_S90",383207.593,107587.1305,"L_S90",4.9,1.7,NA,50,152,"5.6","121",17,"63","38",59,7.056,56.2,15.8,"-15",21,20.1,65,"Female Reproductive Adult","Adult","18/07/2017",0.851008117,20,7500,0,"FEMALE PREGNANT ADULT","FEMALE PREGNANT ADULT","DMR1014.L",13595,3832254,0.747754135584028,10165.7174732649
"22","DMR1015","Liver","infected*",0.0089,"Young","Nonreproductive","Female","Rainy","1D5-DMR1015-L_S36",374060.7142,102286.0038,"L_S36",4.7,0.9,NA,63,141,"5.1","112",24,"63","20",53,7.151,63.3,22.1,"-7",12,18,39.3,"Female Nonreproductive Subadult","Subadult","18/07/2017",0.604150653,1,11250,0,"FEMALE < ADULT","FEMALE SUBADULT","DMR1015.L",3078,3791899,0.75571205274941,2326.08169836268
"23","DMR1015","Spleen","infected*",0.0089,"Young","Nonreproductive","Female","Rainy","1G3-DMR1015-S_S23",441761.5079,204255.3814,"S_S23",4.7,0.9,NA,63,141,"5.1","112",24,"63","20",53,7.151,63.3,22.1,"-7",12,18,39.3,"Female Nonreproductive Subadult","Subadult","18/07/2017",0.604150653,1,11250,0,"FEMALE < ADULT","FEMALE SUBADULT","DMR1015.S",3669,2323995,1.23304214385506,4524.0316258042
"24","DMR1016","Liver","infected*",0,"Adult","Reproductive","Female","Rainy","2B10-DMR1016-L_S153",331214.6218,113065.168,"L_S153",5,1,NA,50,149,"3.9","116",19,"53","24",4.9,7.098,57.1,17.7,"-12",19,16.7,61.36,"Female Reproductive Adult","Adult","18/07/2017",0.845878136,0,26000,0,"FEMALE PREGNANT ADULT","FEMALE PREGNANT ADULT","DMR1016.L",25271,2993634,0.95722582557134,24190.0538380133
"25","DMR1016","Spleen","infected*",0,"Adult","Reproductive","Female","Rainy","1E8-DMR1016-S_S60",454830.4065,134082.0068,"S_S60",5,1,NA,50,149,"3.9","116",19,"53","24",4.9,7.098,57.1,17.7,"-12",19,16.7,61.36,"Female Reproductive Adult","Adult","18/07/2017",0.845878136,0,26000,0,"FEMALE PREGNANT ADULT","FEMALE PREGNANT ADULT","DMR1016.S",85842,3902107,0.73436832385899,63039.6456567035
"26","DMR1017","Liver","infected*",0.4,"Young","Nonreproductive","Female","Rainy","2C11-DMR1017-L_S160",359582.5292,127137.0755,"L_S160",4.8,1.2,NA,56,144,"5.4","113",22,"54","79",46,7.141,60.5,20.6,"-8",16,15.6,47.45,"Female Nonreproductive Subadult","Subadult","18/07/2017",0.661416225,24,6000,0,"FEMALE < ADULT","FEMALE SUBADULT","DMR1017.L",7299,2996689,0.95624997359033,6979.66855723582
"27","DMR1018","Liver","undetected*",0,"Young","Nonreproductive","Female","Rainy","1A2-DMR1018-L_S9",244859.9817,83310.44662,"L_S9",5.2,0.9,"22",118,144,"5.6","115",21,"53","92",46,7.231,45.8,19.2,"-8",16,15.6,44.42,"Female Nonreproductive Subadult","Subadult","18/07/2017",0.638035047,0,19125,0,"FEMALE < ADULT","FEMALE SUBADULT","DMR1018.L",2533,3285834,0.872102418170983,2209.0354252271
"28","DMR1019","Spleen","infected*",NA,"Adult","Reproductive","Male","Rainy","1G9-DMR1019-S_S70",390223.0182,197494.9899,"S_S70",5.7,1.2,NA,84,156,"4.8","116",22,"66","22",55,7.178,54.3,20.2,"-8",24,18.6,73.16,"Male Reproductive Adult","Adult","19/07/2017",0.97990892,NA,NA,0,"MALE SCROTAL ADULT","MALE SCROTAL ADULT","DMR1019.S",9192,2191785,1.30742010603615,12017.8056146843
"29","DMR1020","Liver","infected*",2.6939,"Adult","Reproductive","Female","Rainy","1F5-DMR1020-L_S38",413124.2759,90728.74487,"L_S38",4.8,1.4,NA,50,142,"4.6","110",NA,"87","<20",51,NA,NA,NA,NA,NA,17.3,66.18,"Female Reproductive Adult","Adult","19/07/2017",0.880053191,198,7350,0,"FEMALE PREGNANT ADULT","FEMALE PREGNANT ADULT","DMR1020.L",52495,4896931,0.585179529200725,30718.999385392
"30","DMR1021","Liver","infected*",0.7648,"Adult","Reproductive","Male","Rainy","2A2-DMR1021-L_S103",275767.965,91218.74213,"L_S103",4.9,1.6,NA,50,151,"4.4","120",19,"83","40",51,7.158,50.1,17.8,"-11",18,17.3,72.13,"Male Reproductive Adult","Adult","19/07/2017",0.936266874,87,11375,0,"MALE SCROTAL ADULT","MALE SCROTAL ADULT","DMR1021.L",23717,3408891,0.840620535273329,19936.9972350775
"31","DMR1022","Liver","infected*",0.4711,"Adult","Reproductive","Male","Rainy","1F3-DMR1022-L_S22",393978.5178,157341.0315,"L_S22",5.2,0.8,NA,50,156,"4.4","121",20,"74","<20",56,7.141,53.9,18.4,"-11",21,19,75.23,"Male Reproductive Adult","Adult","19/07/2017",0.991042023,53,11250,0,"MALE SCROTAL ADULT","MALE SCROTAL ADULT","DMR1022.L",9466,2428967,1.17975410003859,11167.5523109653
"32","DMR1022","Spleen","infected*",0.4711,"Adult","Reproductive","Male","Rainy","1B4-DMR1022-S_S26",230687.1859,111955.1218,"S_S26",5.2,0.8,NA,50,156,"4.4","121",20,"74","<20",56,7.141,53.9,18.4,"-11",21,19,75.23,"Male Reproductive Adult","Adult","19/07/2017",0.991042023,53,11250,0,"MALE SCROTAL ADULT","MALE SCROTAL ADULT","DMR1022.S",21603,2694767,1.06338832897554,22972.3780708586
"33","DMR1023","Liver","infected*",NA,"Adult","Reproductive","Female","Rainy","2C6-DMR1023-L_S130",409702.6984,80223.95461,"L_S130",4.6,1.2,NA,62,152,"4","120",18,"64","23",47,7.212,40.7,16.3,"-12",19,16,66.25,"Female Reproductive Adult","Adult","19/07/2017",0.921418637,NA,NA,0,"FEMALE PREGNANT ADULT","FEMALE PREGNANT ADULT","DMR1023.L",9126,5590864,0.512547573525028,4677.50915598941
"34","DMR1023","Spleen","infected*",NA,"Adult","Reproductive","Female","Rainy","2F5-DMR1023-S_S127",447815.437,193347.4985,"S_S127",4.6,1.2,NA,62,152,"4","120",18,"64","23",47,7.212,40.7,16.3,"-12",19,16,66.25,"Female Reproductive Adult","Adult","19/07/2017",0.921418637,NA,NA,0,"FEMALE PREGNANT ADULT","FEMALE PREGNANT ADULT","DMR1023.S",6182,2824526,1.01453616539852,6271.86257449368
"35","DMR1024","Liver","infected*",NA,"Young","Nonreproductive","Male","Rainy","1B1-DMR1024-L_S2",272562.6864,123113.5295,"L_S2",5.4,0.9,NA,54,148,"4.5","117",23,"86","29",46,7.119,63.6,20.6,"-9",14,15.6,47.7,"Male Nonreproductive Juvenile","Juvenile","19/07/2017",0.701470588,NA,NA,0,"MALE JUVENILE (MASS < 55)","MALE JUVENILE","DMR1024.L",6482,2504521,1.1441644039353,7416.4736663086
"36","DMR1024","Spleen","infected*",NA,"Young","Nonreproductive","Male","Rainy","2D6-DMR1024-S_S131",478758.3378,155590.6837,"S_S131",5.4,0.9,NA,54,148,"4.5","117",23,"86","29",46,7.119,63.6,20.6,"-9",14,15.6,47.7,"Male Nonreproductive Juvenile","Juvenile","19/07/2017",0.701470588,NA,NA,0,"MALE JUVENILE (MASS < 55)","MALE JUVENILE","DMR1024.S",39214,3467438,0.82642682496657,32407.5015142391
"37","DMR1025","Liver","infected*",0.0875,"Young","Nonreproductive","Female","Rainy","2C8-DMR1025-L_S142",447562.9374,163890.3442,"L_S142",5.3,0.8,NA,50,145,"5.6","113",25,"55","40",43,7.196,59.9,23.2,"-5",15,14.6,45.56,"Female Nonreproductive Subadult","Subadult","19/07/2017",0.67,14,16000,0,"FEMALE < ADULT","FEMALE SUBADULT","DMR1025.L",7270,2484629,1.1533246118871,8384.66992841922
"38","DMR1026","Liver","infected*",0.0556,"Adult","Reproductive","Female","Rainy","1H5-DMR1026-L_S40",236837.9241,69191.92128,"L_S40",5.1,0.8,NA,170,146,"4.3","117",16,"72","63",55,7.179,39.2,14.6,"-14",18,18.7,65,"Female Reproductive Adult","Adult","19/07/2017",0.883872722,5,9000,0,"FEMALE PREGNANT ADULT","FEMALE PREGNANT ADULT","DMR1026.L",3596,3422747,0.837217526480465,3010.63422522375
"39","DMR1027","Liver","infected*",NA,"Young","Nonreproductive","Female","Rainy","2E5-DMR1027-L_S126",NA,NA,"L_S126",NA,NA,"",NA,NA,"","",NA,"","",NA,NA,NA,NA,"",NA,NA,NA,"Female Nonreproductive Juvenile","Juvenile","19/07/2017",NA,0,0,0,"FEMALE JUVENILE NON PREGNANT","FEMALE JUVENILE NON PREGNANT","DMR1027.L",54,9804,292.287206967404,15783.5091762398
"40","DMR1028","Liver","infected*",2.3167,"Young","Nonreproductive","Female","Rainy","1A7-DMR1028-L_S48",125276.9729,60086.7856,"L_S48",4.9,1.1,NA,65,153,"4.7","121",20,"94","26",52,7.128,54.4,18,"-11",18,17.7,44.78,"Female Nonreproductive Subadult","Subadult","19/07/2017",0.641088046,139,6000,0,"FEMALE < ADULT","FEMALE SUBADULT","DMR1028.L",46671,2448389,1.17039562631119,54623.5342755697
"41","DMR1029","Liver","infected*",2.4,"Adult","Reproductive","Male","Rainy","1H2-DMR1029-L_S16",392988.7011,162189.5701,"L_S16",NA,0.9,NA,50,139,"6.2","110",26,"33","<20",49,7.227,57.5,23.9,"-4",11,16.7,77.87,"Male Reproductive Adult","Adult","20/07/2017",1.038266667,126,5250,0,"MALE SCROTAL ADULT","MALE SCROTAL ADULT","DMR1029.L",67847,2587823,1.10733376166316,75129.2737275602
"42","DMR1029","Spleen","infected*",2.4,"Adult","Reproductive","Male","Rainy","2E6-DMR1029-S_S132",467965.5389,120166.9167,"S_S132",NA,0.9,NA,50,139,"6.2","110",26,"33","<20",49,7.227,57.5,23.9,"-4",11,16.7,77.87,"Male Reproductive Adult","Adult","20/07/2017",1.038266667,126,5250,0,"MALE SCROTAL ADULT","MALE SCROTAL ADULT","DMR1029.S",336690,4652380,0.615939320758071,207380.609906035
"43","DMR1030","Liver","infected*",0,"Young","Nonreproductive","Female","Rainy","2D1-DMR1030-L_S99",370928.9317,134622.6631,"L_S99",NA,1.4,NA,74,145,"4.5","113",20,"65","71",44,7.22,46.6,19.1,"-9",18,15,45.52,"Female Nonreproductive Subadult","Subadult","20/07/2017",0.700307692,0,24750,0,"FEMALE < ADULT","FEMALE SUBADULT","DMR1030.L",3599,2844143,1.00753857211414,3626.1313210388
"44","DMR1031","Liver","infected*",1.0636,"Young","Nonreproductive","Female","Rainy","1B9-DMR1031-L_S65",220579.1694,143245.4006,"L_S65",NA,0.9,NA,56,143,"7.2","114",25,"49","46",43,7.137,66.6,22.5,"-7",14,14.6,45.13,"Female Nonreproductive Subadult","Subadult","20/07/2017",0.67358209,117,11000,0,"FEMALE < ADULT","FEMALE SUBADULT","DMR1031.L",12070,1600892,1.78999194018612,21605.2027180464
"45","DMR1031","Spleen","infected*",1.0636,"Young","Nonreproductive","Female","Rainy","1B7-DMR1031-S_S49",123183.1683,71044.13078,"S_S49",NA,0.9,NA,56,143,"7.2","114",25,"49","46",43,7.137,66.6,22.5,"-7",14,14.6,45.13,"Female Nonreproductive Subadult","Subadult","20/07/2017",0.67358209,117,11000,0,"FEMALE < ADULT","FEMALE SUBADULT","DMR1031.S",33821,2240898,1.27876582383867,43249.1389280477
"46","DMR1032","Liver","infected*",0.0028,"Young","Nonreproductive","Female","Rainy","1A5-DMR1032-L_S33",213921.4284,94560.13229,"L_S33",NA,0.7,NA,50,142,"4.4","109",23,"61","<20",42,7.195,54.2,21,"-7",17,14.3,39.12,"Female Nonreproductive Subadult","Subadult","20/07/2017",0.583880597,1,36000,0,"FEMALE < ADULT","FEMALE SUBADULT","DMR1032.L",3187,2575535,1.11261690371454,3545.91007213825
"47","DMR909","Liver","undetected*",0,"Adult","Nonreproductive","Male","Dry","1H3-DMR909-L_S24",NA,NA,"L_S24",NA,NA,"",NA,NA,"","",NA,"","",NA,NA,NA,NA,"",NA,NA,NA,"Male Nonreproductive Adult","Adult","05/03/2017",NA,NA,NA,0,"MALE ADULT ABDOMINAL","MALE ADULT ABDOMINAL","DMR909.L",2365,3006031,0.953278185457314,2254.50290860655
"48","DMR910","Liver","infected*",NA,"Adult","Nonreproductive","Female","Dry","2D7-DMR910-L_S137",283574.2502,87671.20807,"L_S137",4.9,1.8,"16",50,162,">9",">140",17,"90","26",59,7.04,55.5,15,"-16",NA,20.1,59.1,"Female Nonreproductive Adult","Adult","05/03/2017",0.791694575,NA,NA,0,"FEMALE NONPREGNANT ADULT","FEMALE NONPREGNANT ADULT","DMR910.L",13672,3352600,0.854734766183987,11685.9337232675
"49","DMR911","Liver","undetected*",0,"Young","Nonreproductive","Male","Dry","1C9-DMR911-L_S66",NA,NA,"L_S66",NA,NA,"",NA,NA,"","",NA,"","",NA,NA,NA,NA,"",NA,NA,NA,"Male Nonreproductive Juvenile","Juvenile","",NA,NA,NA,0,"MALE JUVENILE ABDOMINAL","MALE JUVENILE ABDOMINAL","DMR911.L",2760,2091104,1.37036884684283,3782.21801728622
"50","DMR911","Spleen","undetected*",0,"Young","Nonreproductive","Male","Dry","2F8-DMR911-S_S145",NA,NA,"S_S145",NA,NA,"",NA,NA,"","",NA,"","",NA,NA,NA,NA,"",NA,NA,NA,"Male Nonreproductive Juvenile","Juvenile","05/03/2017",NA,NA,NA,0,"MALE JUVENILE ABDOMINAL","MALE JUVENILE ABDOMINAL","DMR911.S",1113,2506137,1.14342662715902,1272.63383602799
"51","DMR912","Liver","infected*",0.006,"Adult","Nonreproductive","Male","Dry","1C7-DMR912-L_S50",NA,NA,"L_S50",NA,NA,"",NA,NA,"","",NA,"","",NA,NA,NA,NA,"",NA,NA,NA,"Male Nonreproductive Adult","Adult","05/03/2017",NA,NA,NA,0,"MALE ADULT ABDOMINAL","MALE ADULT ABDOMINAL","DMR912.L",22,3511,816.173106553242,17955.8083441713
"52","DMR913","Liver","infected*",0.00952381,"Adult","Nonreproductive","Male","Dry","1H11-DMR913-L_S87",NA,NA,"L_S87",NA,NA,"",NA,NA,"","",NA,"","",NA,NA,NA,NA,"",NA,NA,NA,"Male Nonreproductive Adult","Adult","05/03/2017",NA,NA,NA,0,"MALE ADULT ABDOMINAL","MALE ADULT ABDOMINAL","DMR913.L",18888,2681945,1.06847223828544,20181.3036367353
"53","DMR913","Spleen","infected*",0.00952381,"Adult","Nonreproductive","Male","Dry","2F4-DMR913-S_S121",NA,NA,"S_S121",NA,NA,"",NA,NA,"","",NA,"","",NA,NA,NA,NA,"",NA,NA,NA,"Male Nonreproductive Adult","Adult","05/03/2017",NA,NA,NA,0,"MALE ADULT ABDOMINAL","MALE ADULT ABDOMINAL","DMR913.S",2842,1864314,1.53707142525799,4368.35699058322
"54","DMR914","Liver","infected*",0.015,"Young","Nonreproductive","Female","Dry","2A3-DMR914-L_S110",NA,NA,"L_S110",NA,NA,"",NA,NA,"","",NA,"","",NA,NA,NA,NA,"",NA,NA,NA,"Female Nonreproductive Juvenile","Juvenile","05/03/2017",NA,NA,NA,0,"FEMALE JUVENILE NON PREGNANT","FEMALE JUVENILE NON PREGNANT","DMR914.L",2822,2996337,0.956362310750905,2698.85444093905
"55","DMR915","Liver","infected*",0.0182,"Adult","Reproductive","Female","Dry","1A3-DMR915-L_S17",341852.5939,137120.1715,"L_S17",5.1,1.7,"16",50,160,"8.3","132",18,"59","<20",66,6.978,66.8,15.7,"-16",21,22.4,75.31,"Female Reproductive Adult","Adult","06/03/2017",NA,3,16500,0,"FEMALE PREGNANT ADULT","FEMALE PREGNANT ADULT","DMR915.L",4246,2811411,1.01926889277606,4327.81571872715
"56","DMR915","Spleen","infected*",0.0182,"Adult","Reproductive","Female","Dry","2B9-DMR915-S_S147",330704.1068,147059.3407,"S_S147",5.1,1.7,"16",50,160,"8.3","132",18,"59","<20",66,6.978,66.8,15.7,"-16",21,22.4,75.31,"Female Reproductive Adult","Adult","06/03/2017",NA,3,16500,0,"FEMALE PREGNANT ADULT","FEMALE PREGNANT ADULT","DMR915.S",3592,2686708,1.06657804908774,3831.14835232318
"57","DMR916","Spleen","infected*",0,"Young","Nonreproductive","Female","Dry","1G5-DMR916-S_S39",346462.2369,139706.4426,"S_S39",4.7,1.3,"19",50,169,"7.9","135",23,"89","25",53,7.098,67.7,20.9,"-9",13,18,46.45,"Female Nonreproductive Subadult","Subadult","06/03/2017",0.668249173,0,15000,0,"FEMALE < ADULT","FEMALE SUBADULT","DMR916.S",1688,2874531,0.996887414715108,1682.7459560391
"58","DMR917","Liver","infected*",0.444444444,"Adult","Nonreproductive","Male","Dry","2A8-DMR917-L_S140",NA,NA,"L_S140",NA,NA,"",NA,NA,"","",NA,"","",NA,NA,NA,NA,"",NA,NA,NA,"Male Nonreproductive Adult","Adult","06/03/2017",NA,NA,NA,0,"MALE ADULT ABDOMINAL","MALE ADULT ABDOMINAL","DMR917.L",42595,3711063,0.772173303743007,32890.7218729334
"59","DMR917","Spleen","infected*",0.444444444,"Adult","Nonreproductive","Male","Dry","2E10-DMR917-S_S156",NA,NA,"S_S156",NA,NA,"",NA,NA,"","",NA,"","",NA,NA,NA,NA,"",NA,NA,NA,"Male Nonreproductive Adult","Adult","06/03/2017",NA,NA,NA,0,"MALE ADULT ABDOMINAL","MALE ADULT ABDOMINAL","DMR917.S",39816,1842021,1.55567378282247,61940.7073368596
"60","DMR918","Liver","infected*",0,"Young","Nonreproductive","Male","Dry","2C12-DMR918-L_S166",285449.915,99812.62931,"L_S166",4.5,1.7,"16",50,166,"7.4",NA,21,">140","22",56,7.084,63.3,18.9,"-11",NA,19,49.59,"Male Nonreproductive Juvenile","Juvenile","06/03/2017",0.725530358,0,17100,1,"MALE JUVENILE (MASS < 55)","MALE JUVENILE","DMR918.L",2753,3050222,0.939467283728343,2586.35343210413
"61","DMR918","Spleen","infected*",0,"Young","Nonreproductive","Male","Dry","1C2-DMR918-S_S11",478969.8634,198196.4259,"S_S11",4.5,1.7,"16",50,166,"7.4",NA,21,">140","22",56,7.084,63.3,18.9,"-11",NA,19,49.59,"Male Nonreproductive Juvenile","Juvenile","06/03/2017",0.725530358,0,17100,1,"MALE JUVENILE (MASS < 55)","MALE JUVENILE","DMR918.S",3371,2458740,1.16546840133907,3928.79398091402
"62","DMR919","Liver","undetected*",0,"Young","Nonreproductive","Male","Dry","1F10-DMR919-L_S77",341298.7499,178536.0284,"L_S77",4.3,1.8,"<15",50,164,"6.9",">140",19,"88","26",54,7.171,49.2,18,"-11",NA,18.4,50.26,"Male Nonreproductive Juvenile","Juvenile","06/03/2017",0.736626118,0,20250,0,"MALE JUVENILE (MASS < 55)","MALE JUVENILE","DMR919.L",1628,1779579,1.61025937994797,2621.5022705553
"63","DMR919","Spleen","undetected*",0,"Young","Nonreproductive","Male","Dry","1F1-DMR919-S_S6",353764.7222,161276.9084,"S_S6",4.3,1.8,"<15",50,164,"6.9",">140",19,"88","26",54,7.171,49.2,18,"-11",NA,18.4,50.26,"Male Nonreproductive Juvenile","Juvenile","06/03/2017",0.736626118,0,20250,0,"MALE JUVENILE (MASS < 55)","MALE JUVENILE","DMR919.S",1698,2709620,1.0575592803081,1795.73565796315
"64","DMR920","Liver","infected*",0,"Young","Nonreproductive","Male","Dry","2D5-DMR920-L_S125",582609.8701,131435.8903,"L_S125",4.8,1.4,"<15",53,166,"6.7","137",23,"114","<20",55,7.137,63.5,21.5,"-8",14,18.7,48.18,"Male Nonreproductive Juvenile","Juvenile","06/03/2017",0.688482424,0,19800,0,"MALE JUVENILE (MASS < 55)","MALE JUVENILE","DMR920.L",5162,3878973,0.738748059630328,3813.41748381175
"65","DMR921","Liver","infected*",0.0057,"Adult","Reproductive","Male","Dry","1F2-DMR921-L_S14",359325.8561,119836.7573,"L_S14",5.2,1.8,"<15",50,159,"8.3","130",20,"93","<20",57,7.116,55.9,18,"-11",20,19.4,79.6,"Male Reproductive Adult","Adult","06/03/2017",1.059637913,1,17500,0,"MALE SCROTAL ADULT","MALE SCROTAL ADULT","DMR921.L",2767,3084725,0.928959235299235,2570.43020407298
"66","DMR922","Liver","undetected*",0,"Young","Nonreproductive","Female","Dry","2G1-DMR922-L_S102",424359.6574,157195.7708,"L_S102",5.2,1.1,"17",50,162,"7.6","139",21,"79","<20",56,7.116,58.6,18.9,"-11",12,19,42.93,"Female Nonreproductive Subadult","Subadult","07/03/2017",0.594186851,0,15750,0,"FEMALE < ADULT","FEMALE SUBADULT","DMR922.L",2168,2837964,1.00973225069396,2189.09951950451
"67","DMR923","Liver","infected*",0,"Adult","Reproductive","Female","Dry","1E11-DMR923-L_S84",654146.5047,143386.7496,"L_S84",4.6,1.6,"17",58,155,"6.9","132",17,"61","39",58,7.58,43.4,15.4,"-13",14,19.7,68.2,"Female Reproductive Adult","Adult","07/03/2017",0.949067632,0,16500,0,"FEMALE PREGNANT ADULT","FEMALE PREGNANT ADULT","DMR923.L",3526,4690134,0.610981216551261,2154.31976955975
"68","DMR923","Spleen","infected*",0,"Adult","Reproductive","Female","Dry","2F7-DMR923-S_S139",320657.0998,141349.1212,"S_S139",4.6,1.6,"17",58,155,"6.9","132",17,"61","39",58,7.58,43.4,15.4,"-13",14,19.7,68.2,"Female Reproductive Adult","Adult","07/03/2017",0.949067632,0,16500,0,"FEMALE PREGNANT ADULT","FEMALE PREGNANT ADULT","DMR923.S",19245,2798397,1.02400902270422,19707.0536419428
"69","DMR926","Liver","infected*",0.0029,"Adult","Reproductive","Female","Dry","1C6-DMR926-L_S43",197886.5361,72675.50249,"L_S43",5,1.6,"18",50,159,">9","136",16,"76","31",65,7.011,56.9,14.4,"-17",NA,22.1,71.71,"Female Reproductive Adult","Adult","07/03/2017",0.986653825,1,34000,0,"FEMALE PREGNANT ADULT","FEMALE PREGNANT ADULT","DMR926.L",5646,3253926,0.880654254924185,4972.17392330195
"70","DMR927","Liver","infected*",0.0111,"Adult","Reproductive","Female","Dry","1A8-DMR927-L_S56",130412.6203,61827.81283,"L_S56",5.8,1.2,"<15",82,147,">9","135",18,"63","123",51,6.967,70.2,16.1,"-16",NA,17.3,69.52,"Female Reproductive Adult","Adult","07/03/2017",0.962747542,2,18000,0,"FEMALE PREGNANT ADULT","FEMALE PREGNANT ADULT","DMR927.L",14254,2486648,1.15238818566538,16426.1411984743
"71","DMR928","Liver","infected*",0,"Young","Nonreproductive","Female","Dry","1D2-DMR928-L_S12",334997.0613,144434.4241,"L_S12",4.7,1.1,"17",50,163,">9","139",23,"87","<20",56,7.122,65.5,21.4,"-8",NA,19,49.39,"Female Nonreproductive Subadult","Subadult","07/03/2017",0.69602593,0,16000,0,"FEMALE < ADULT","FEMALE SUBADULT","DMR928.L",3056,2657051,1.07848279054803,3295.84340791478
"72","DMR928","Spleen","infected*",0,"Young","Nonreproductive","Female","Dry","1C10-DMR928-S_S74",547637.4707,174034.8473,"S_S74",4.7,1.1,"17",50,163,">9","139",23,"87","<20",56,7.122,65.5,21.4,"-8",NA,19,49.39,"Female Nonreproductive Subadult","Subadult","07/03/2017",0.69602593,0,16000,0,"FEMALE < ADULT","FEMALE SUBADULT","DMR928.S",5516,3593650,0.797402022208182,4398.46955450033
"73","DMR929","Liver","undetected*",0,"Young","Nonreproductive","Female","Dry","1A10-DMR929-L_S72",156652.1525,88562.41271,"L_S72",4.5,1.3,"16",51,165,"5.6","139",21,"68","42",54,7.146,55.3,19,"-10",13,18.4,45.07,"Female Nonreproductive Subadult","Subadult","07/03/2017",0.66133529,0,29575,0,"FEMALE < ADULT","FEMALE SUBADULT","DMR929.L",1625,1919371,1.49298065726138,2426.09356804974
"74","DMR929","Spleen","undetected*",0,"Young","Nonreproductive","Female","Dry","1H10-DMR929-S_S79",248317.4584,134732.6285,"S_S79",4.5,1.3,"16",51,165,"5.6","139",21,"68","42",54,7.146,55.3,19,"-10",13,18.4,45.07,"Female Nonreproductive Subadult","Subadult","07/03/2017",0.66133529,0,29575,0,"FEMALE < ADULT","FEMALE SUBADULT","DMR929.S",1374,2289559,1.25158765382697,1719.68143635826
"75","DMR930","Liver","infected*",0.0704,"Young","Nonreproductive","Male","Dry","1D3-DMR930-L_S20",783969.3159,327204.2079,"L_S20",5.2,0.8,"17",50,159,"6.3","132",23,"64","<20",58,7.092,67.4,2.6,"-9",12,19.7,68.34,"Male Nonreproductive Subadult","Subadult","08/03/2017",0.888109162,10,14200,0,"MALE YOUNG/SUBADULT","MALE SUBADULT","DMR930.L",12973,1834791,1.56180392050562,20261.2822607195
"76","DMR930","Spleen","infected*",0.0704,"Young","Nonreproductive","Male","Dry","2E11-DMR930-S_S162",567333.8954,232175.8624,"S_S162",5.2,0.8,"17",50,159,"6.3","132",23,"64","<20",58,7.092,67.4,2.6,"-9",12,19.7,68.34,"Male Nonreproductive Subadult","Subadult","08/03/2017",0.888109162,10,14200,0,"MALE YOUNG/SUBADULT","MALE SUBADULT","DMR930.S",11820,2562156,1.11842673791464,13219.8040421511
"77","DMR931","Liver","infected*",0.2857,"Adult","Reproductive","Male","Dry","1G2-DMR931-L_S15",369036.8458,172339.8078,"L_S15",5.1,1.4,"17",50,163,"6.1","135",19,"77","<20",59,7.072,58.8,17.1,"-13",7,20.1,73.64,"Male Reproductive Adult","Adult","08/03/2017",0.989120215,40,14000,0,"MALE SCROTAL ADULT","MALE SCROTAL ADULT","DMR931.L",25634,2059065,1.39169175189148,35674.6263679862
"78","DMR932","Liver","infected*",0,"Young","Nonreproductive","Male","Dry","2D8-DMR932-L_S143",350143.2698,107009.6037,"L_S143",5.3,1.4,"15",50,161,"6.2","136",20,"53","71",51,7.142,53.6,18.3,"-11",13,17.3,62.56,"Male Nonreproductive Subadult","Subadult","08/03/2017",0.85,0,28000,0,"MALE YOUNG/SUBADULT","MALE SUBADULT","DMR932.L",13942,3497703,0.819275901100932,11422.3446131492
"79","DMR932","Spleen","infected*",0,"Young","Nonreproductive","Male","Dry","2B1-DMR932-S_S97",416128.8048,174153.6882,"S_S97",5.3,1.4,"15",50,161,"6.2","136",20,"53","71",51,7.142,53.6,18.3,"-11",13,17.3,62.56,"Male Nonreproductive Subadult","Subadult","08/03/2017",0.85,0,28000,0,"MALE YOUNG/SUBADULT","MALE SUBADULT","DMR932.S",25759,2776078,1.0322418091669,26589.5167623302
"80","DMR934","Liver","undetected*",0,"Young","Nonreproductive","Male","Dry","1D7-DMR934-L_S51",239260.1114,95117.61168,"L_S51",4.7,1.5,"16",59,163,"8.6","139",19,"77","<20",59,7.112,55.9,17.8,"-12",16,20.1,49.18,"Male Nonreproductive Juvenile","Juvenile","08/03/2017",0.696403285,0,24150,1,"MALE JUVENILE (MASS < 55)","MALE JUVENILE","DMR934.L",1959,2628691,1.09011815276441,2135.54146126548
"81","DMR934","Spleen","undetected*",0,"Young","Nonreproductive","Male","Dry","2D4-DMR934-S_S119",540533.5086,186704.5687,"S_S119",4.7,1.5,"16",59,163,"8.6","139",19,"77","<20",59,7.112,55.9,17.8,"-12",16,20.1,49.18,"Male Nonreproductive Juvenile","Juvenile","08/03/2017",0.696403285,0,24150,1,"MALE JUVENILE (MASS < 55)","MALE JUVENILE","DMR934.S",3510,3379039,0.848046967527878,2976.64485602285
"82","DMR935","Liver","infected*",0.0093,"Young","Nonreproductive","Male","Dry","1E12-DMR935-L_S92",524471.6773,190157.3992,"L_S92",4.9,1.5,"<15",50,114,"6",">140",38,"73","43",43,7.431,54.6,36.3,"-12",NA,14.6,65.5,"Male Nonreproductive Subadult","Subadult","08/03/2017",0.862977602,2,21450,0,"MALE YOUNG/SUBADULT","MALE SUBADULT","DMR935.L",2667,2394772,1.1965998337664,3191.33175665499
"83","DMR935","Spleen","infected*",0.0093,"Young","Nonreproductive","Male","Dry","2C4-DMR935-S_S118",436479.3069,176502.2419,"S_S118",4.9,1.5,"<15",50,114,"6",">140",38,"73","43",43,7.431,54.6,36.3,"-12",NA,14.6,65.5,"Male Nonreproductive Subadult","Subadult","08/03/2017",0.862977602,2,21450,0,"MALE YOUNG/SUBADULT","MALE SUBADULT","DMR935.S",3641,2901399,0.9876558781155,3596.05505221854
"84","DMR936","Liver","infected*",0.0575,"Adult","Reproductive","Male","Dry","1B10-DMR936-L_S73",248957.5923,146583.4492,"L_S73",5,0.4,"16",50,166,">9",">140",19,"74","<20",62,7.06,55.8,16.9,"-13",NA,21.1,69.66,"Male Reproductive Adult","Adult","08/03/2017",0.917786561,9,15660,0,"MALE SCROTAL ADULT","MALE SCROTAL ADULT","DMR936.L",5094,1729973,1.65643265941632,8437.86796706675
"85","DMR937","Liver","undetected*",0,"Young","Nonreproductive","Female","Dry","1F12-DMR937-L_S93",250785.1394,106105.5622,"L_S93",4.3,1.4,"<15",50,156,">9",">140",18,"98","26",56,7.153,48.5,17,"-12",NA,19,43.56,"Female Nonreproductive Subadult","Subadult","08/03/2017",0.636283961,0,22500,0,"FEMALE < ADULT","FEMALE SUBADULT","DMR937.L",2503,2722480,1.05256375698203,2634.56708372602
"86","DMR937","Spleen","undetected*",0,"Young","Nonreproductive","Female","Dry","2F1-DMR937-S_S101",962760.091,260893.7596,"S_S101",4.3,1.4,"<15",50,156,">9",">140",18,"98","26",56,7.153,48.5,17,"-12",NA,19,43.56,"Female Nonreproductive Subadult","Subadult","08/03/2017",0.636283961,0,22500,0,"FEMALE < ADULT","FEMALE SUBADULT","DMR937.S",1903,3404791,0.841632798344578,1601.62721524973
"87","DMR938","Liver","infected*",0.0072,"Young","Nonreproductive","Male","Dry","1D8-DMR938-L_S59",352673.6803,92618.2195,"L_S59",5,1.8,"15",50,163,"6.6","140",21,"65","27",53,7.158,54.6,19.4,"-9",11,18,50.4,"Male Nonreproductive Subadult","Subadult","08/03/2017",0.653866113,2,27600,0,"MALE YOUNG/SUBADULT (BUT NEED TO CHECK SPECIMEN; very large forearm; low weight; may be sickly adult male)","MALE SUBADULT","DMR938.L",7950,4370307,0.65569393113766,5212.7667525444
"88","DMR939","Liver","infected*",0.0181,"Young","Nonreproductive","Male","Dry","1E3-DMR939-L_S21",389782.5658,159724.6814,"L_S21",4.9,1.7,"<15",50,166,"8.8",">140",22,"82","33",57,7.153,57.8,20.2,"-9",NA,19.4,49.37,"Male Nonreproductive Juvenile","Juvenile","08/03/2017",0.687125957,5,27600,0,"MALE JUVENILE (MASS < 55)","MALE JUVENILE","DMR939.L",5528,2465778,1.16214183803588,6424.32008066234
"89","DMR939","Spleen","infected*",0.0181,"Young","Nonreproductive","Male","Dry","2D12-DMR939-S_S167",374400.6654,144557.344,"S_S167",4.9,1.7,"<15",50,166,"8.8",">140",22,"82","33",57,7.153,57.8,20.2,"-9",NA,19.4,49.37,"Male Nonreproductive Juvenile","Juvenile","08/03/2017",0.687125957,5,27600,0,"MALE JUVENILE (MASS < 55)","MALE JUVENILE","DMR939.S",2723,3032882,0.944838532164599,2572.7953230842
"90","DMR940","Liver","infected*",0.0357,"Adult","Reproductive","Male","Dry","1H7-DMR940-L_S55",152312.836,72256.08935,"L_S55",4.8,0.2,"<15",50,163,"0.6",">140",13,"77","32",60,7.05,43.8,12.1,"-18",NA,20.4,75.87,"Male Reproductive Adult","Adult","08/03/2017",1.018115942,5,14025,0,"MALE SCROTAL ADULT","MALE SCROTAL ADULT","DMR940.L",3711,2478828,1.15602364387865,4290.00374243368
"91","DMR940","Spleen","infected*",0.0357,"Adult","Reproductive","Male","Dry","2E7-DMR940-S_S138",368749.3789,110241.649,"S_S138",4.8,0.2,"<15",50,163,"0.6",">140",13,"77","32",60,7.05,43.8,12.1,"-18",NA,20.4,75.87,"Male Reproductive Adult","Adult","08/03/2017",1.018115942,5,14025,0,"MALE SCROTAL ADULT","MALE SCROTAL ADULT","DMR940.S",8702,4341414,0.660057708642491,5743.82218060696
"92","DMR941","Liver","infected*",0.0066,"Young","Nonreproductive","Male","Dry","2C3-DMR941-L_S112",924810.7374,246777.826,"L_S112",4.5,1.2,"18",50,152,"5.6","122",25,"70","43",51,7.099,75,23.2,"-6",12,17.3,52.51,"Male Nonreproductive Juvenile","Juvenile","09/03/2017",0.739785855,1,15250,0,"MALE JUVENILE (MASS < 55)","MALE JUVENILE","DMR941.L",4323,2971865,0.964237533369932,4168.39885675822
"93","DMR941","Spleen","infected*",0.0066,"Young","Nonreproductive","Male","Dry","2E12-DMR941-S_S168",538140.2408,199186.592,"S_S168",4.5,1.2,"18",50,152,"5.6","122",25,"70","43",51,7.099,75,23.2,"-6",12,17.3,52.51,"Male Nonreproductive Juvenile","Juvenile","09/03/2017",0.739785855,1,15250,0,"MALE JUVENILE (MASS < 55)","MALE JUVENILE","DMR941.S",2616,2473456,1.1585343653206,3030.72589967869
"94","DMR942","Liver","infected*",0.0289,"Adult","Reproductive","Female","Dry","1D9-DMR942-L_S67",522739.3513,128920.6903,"L_S67",4.9,1.5,"19",50,151,"5.8","115",18,"41","38",56,7.078,56.1,16.5,"-13",25,19,75,"Female Reproductive Adult","Adult","09/03/2017",1.026834611,7,24225,0,"FEMALE PREGNANT ADULT","FEMALE PREGNANT ADULT","DMR942.L",5932,4469314,0.641168594801894,3803.41210436484
"95","DMR944","Liver","infected*",0.0087,"Adult","Reproductive","Male","Dry","1B6-DMR944-L_S42",272131.4579,71400.82263,"L_S42",5.2,1.4,"17",50,153,"5.8","126",20,"47","<20",51,7.082,60.5,18,"-12",15,17.3,72.59,"Male Reproductive Adult","Adult","09/03/2017",0.953625854,2,22960,0,"MALE SCROTAL ADULT","MALE SCROTAL ADULT","DMR944.L",11302,4471182,0.640900723143999,7243.45997297348
"96","DMR945","Liver","infected*",0.0892,"Adult","Reproductive","Male","Dry","1E1-DMR945-L_S5",575570.3048,243163.1264,"L_S5",5.3,1.6,"16",73,147,">9","124",18,"85","31",59,7.039,59.3,16,"-15",NA,20.1,73.38,"Male Reproductive Adult","Adult","09/03/2017",0.952492212,13,14575,0,"MALE SCROTAL ADULT","MALE SCROTAL ADULT","DMR945.L",11304,2167205,1.32224859997482,14946.6981741154
"97","DMR946","Liver","infected*",0.2481,"Adult","Reproductive","Male","Dry","1D12-DMR946-L_S91",321887.9733,127067.0207,"L_S91",4.8,1.6,"17",50,151,"5.5","123",19,"63","73",48,7.187,46.8,17.7,"-11",16,16.3,74.92,"Male Reproductive Adult","Adult","09/03/2017",0.992317881,32,12900,0,"MALE SCROTAL ADULT","MALE SCROTAL ADULT","DMR946.L",7691,2626401,1.09106864378609,8391.40893935883
"98","DMR946","Spleen","infected*",0.2481,"Adult","Reproductive","Male","Dry","2F3-DMR946-S_S115",1014609.081,307764.0074,"S_S115",4.8,1.6,"17",50,151,"5.5","123",19,"63","73",48,7.187,46.8,17.7,"-11",16,16.3,74.92,"Male Reproductive Adult","Adult","09/03/2017",0.992317881,32,12900,0,"MALE SCROTAL ADULT","MALE SCROTAL ADULT","DMR946.S",15185,3121055,0.918145876028597,13942.0451274942
"99","DMR947","Liver","infected*",0,"Young","Nonreproductive","Male","Dry","1B8-DMR947-L_S57",176449.6039,92297.93093,"L_S57",4.5,1.4,"<15",50,151,"6.7","126",19,"77","21",52,7.124,53.8,17.6,"-12",14,17.7,69.08,"Male Nonreproductive Subadult","Subadult","09/03/2017",0.890320918,0,20640,0,"MALE YOUNG/SUBADULT","MALE SUBADULT","DMR947.L",1600,2151670,1.33179519959308,2130.87231934892
"100","DMR948","Liver","infected*",0.2118,"Young","Nonreproductive","Male","Dry","1F4-DMR948-L_S30",1500129.864,480825.4061,"L_S30",5,1.6,"<15",50,145,"7","119",22,"82","36",48,7.227,50.4,20.9,"-7",11,16.3,69.01,"Male Nonreproductive Subadult","Subadult","09/03/2017",0.900208714,27,12750,0,"MALE YOUNG/SUBADULT","MALE SUBADULT","DMR948.L",20825,1680098,1.7056051355983,35519.2269488346
"101","DMR949","Liver","infected*",0,"Young","Nonreproductive","Male","Dry","1H9-DMR949-L_S71",791114.0259,450790.7146,"L_S71",5.1,1.3,"16",50,152,"6.6","128",21,"81","31",52,7.101,62.8,19.6,"-10",11,17.7,76.99,"Male Nonreproductive Subadult","Subadult","09/03/2017",1.00904325,0,25000,0,"MALE SUBADULT; SM EPAULETTES (BUT NEED TO CHECK SPECIMEN; SEE NOTES)","MALE SUBADULT","DMR949.L",2304,971449,2.94980362027078,6796.34754110389
"102","DMR949","Spleen","infected*",0,"Young","Nonreproductive","Male","Dry","2A4-DMR949-S_S116",255001.9929,104429.2565,"S_S116",5.1,1.3,"16",50,152,"6.6","128",21,"81","31",52,7.101,62.8,19.6,"-10",11,17.7,76.99,"Male Nonreproductive Subadult","Subadult","09/03/2017",1.00904325,0,25000,0,"MALE SUBADULT; SM EPAULETTES (BUT NEED TO CHECK SPECIMEN; SEE NOTES)","MALE SUBADULT","DMR949.S",2504,3238761,0.884777782957259,2215.48356852498
"103","DMR950","Liver","infected*",0.0051,"Young","Nonreproductive","Male","Dry","2B7-DMR950-L_S135",203317.8374,72140.61382,"L_S135",4.8,0.7,"15",72,163,"8.7","137",23,"4","<20",56,7.093,67.4,20.6,"-9",14,19,48.75,"Male Nonreproductive Juvenile","Juvenile","09/03/2017",0.706214689,1,19500,0,"MALE JUVENILE (MASS < 55)","MALE JUVENILE","DMR950.L",2300,2988569,0.958848123335427,2205.35068367148
"104","DMR950","Spleen","infected*",0.0051,"Young","Nonreproductive","Male","Dry","1D11-DMR950-S_S83",654547.7568,164629.8977,"S_S83",4.8,0.7,"15",72,163,"8.7","137",23,"4","<20",56,7.093,67.4,20.6,"-9",14,19,48.75,"Male Nonreproductive Juvenile","Juvenile","09/03/2017",0.706214689,1,19500,0,"MALE JUVENILE (MASS < 55)","MALE JUVENILE","DMR950.S",3375,4525971,0.633142319539483,2136.85532844576
"105","DMR951","Liver","infected*",0,"Young","Nonreproductive","Male","Dry","2C2-DMR951-L_S105",2071088.938,716409.127,"L_S105",4.9,1.6,"16",50,147,"7.9","128",22,"72","22",54,7.162,56.6,20.3,"-8",NA,18.4,46.37,"Male Nonreproductive Juvenile","Juvenile","09/03/2017",0.68757414,0,22500,0,"MALE JUVENILE (MASS < 55)","MALE JUVENILE","DMR951.L",4773,1188657,2.41077432523296,11506.6258543369
"106","DMR951","Spleen","infected*",0,"Young","Nonreproductive","Male","Dry","2E2-DMR951-S_S107",588373.9324,196415.289,"S_S107",4.9,1.6,"16",50,147,"7.9","128",22,"72","22",54,7.162,56.6,20.3,"-8",NA,18.4,46.37,"Male Nonreproductive Juvenile","Juvenile","09/03/2017",0.68757414,0,22500,0,"MALE JUVENILE (MASS < 55)","MALE JUVENILE","DMR951.S",1804,3111809,0.920873928029784,1661.25656616573
"107","DMR952","Liver","infected*",0.0847,"Young","Nonreproductive","Male","Dry","2F12-DMR952-L_S169",419137.8903,198311.2941,"L_S169",4.7,1.9,"<15",50,149,"6.3","119",24,"87","59",49,7.207,56.5,22.4,"-5",13,15.7,51.63,"Male Nonreproductive Juvenile","Juvenile","09/03/2017",0.749238137,18,21250,0,"MALE JUVENILE (MASS < 55)","MALE JUVENILE","DMR952.L",22695,1882970,1.52184250259347,34538.2155963589
"108","DMR953","Liver","infected*",0.0094,"Young","Nonreproductive","Female","Dry","1E5-DMR953-L_S37",453530.8841,90598.61284,"L_S37",4.7,2,"16",50,154,"6.2","126",22,"89","62",50,7.13,60.5,20.1,"-9",14,17,48.7,"Female Nonreproductive Subadult","Subadult","09/03/2017",0.674048443,2,21250,0,"FEMALE < ADULT","FEMALE SUBADULT","DMR953.L",6698,5508001,0.520258398120921,3484.69075061393
"109","DMR954","Liver","infected*",0.0213,"Adult","Reproductive","Female","Dry","1A1-DMR954-L_S1",213664.4437,100188.4456,"L_S1",5.4,1.4,"18",50,142,"8","122",21,"51","29",58,7.062,68.1,19.4,"-11",9,19.7,72.55,"Female Reproductive Adult","Adult","10/03/2017",0.99166211,4,18750,0,"FEMALE PREGNANT ADULT","FEMALE PREGNANT ADULT","DMR954.L",8534,2528749,1.13320213951975,9670.74705866156
"110","DMR954","Spleen","infected*",0.0213,"Adult","Reproductive","Female","Dry","2D11-DMR954-S_S161",388863.5905,188811.9538,"S_S161",5.4,1.4,"18",50,142,"8","122",21,"51","29",58,7.062,68.1,19.4,"-11",9,19.7,72.55,"Female Reproductive Adult","Adult","10/03/2017",0.99166211,4,18750,0,"FEMALE PREGNANT ADULT","FEMALE PREGNANT ADULT","DMR954.S",23798,2309348,1.24086269246057,29530.0503551767
"111","DMR955","Liver","infected*",0.0048,"Adult","Nonreproductive","Female","Dry","1A11-DMR955-L_S80",311709.5576,138542.7609,"L_S80",4.8,1,"17",50,154,"5.9","130",21,"65","30",50,7.191,49.8,19.1,"-9",10,17,62.08,"Female Nonreproductive Adult","Adult","10/03/2017",0.820512821,1,21000,0,"FEMALE NONPREGNANT ADULT","FEMALE NONPREGNANT ADULT","DMR955.L",4427,2360248,1.21410283034174,5374.83322992289
"112","DMR955","Spleen","infected*",0.0048,"Adult","Nonreproductive","Female","Dry","2D2-DMR955-S_S106",518699.7516,184019.1288,"S_S106",4.8,1,"17",50,154,"5.9","130",21,"65","30",50,7.191,49.8,19.1,"-9",10,17,62.08,"Female Nonreproductive Adult","Adult","10/03/2017",0.820512821,1,21000,0,"FEMALE NONPREGNANT ADULT","FEMALE NONPREGNANT ADULT","DMR955.S",7225,3307905,0.866283577402747,6258.89884673485
"113","DMR956","Liver","infected*",0,"Adult","Reproductive","Female","Dry","1H4-DMR956-L_S32",482806.0298,152211.8276,"L_S32",4.7,1.6,"17",50,148,"8.1","126",21,"66","25",60,7.038,71.7,19.3,"-11",11,20.4,68.3,"Female Reproductive Adult","Adult","10/03/2017",0.92085749,0,36000,0,"FEMALE PREGNANT ADULT","FEMALE PREGNANT ADULT","DMR956.L",12156,3151617,0.909242391162515,11052.7505069715
"114","DMR957","Liver","infected*",0.006,"Adult","Nonreproductive","Female","Dry","1A9-DMR957-L_S64",153759.0786,78080.16401,"L_S64",4.8,1.3,"18",50,154,"7.4","133",18,"57","89",51,7.216,41.5,16.8,"-11",12,17.3,58.54,"Female Nonreproductive Adult","Adult","10/03/2017",0.811027986,1,16775,0,"FEMALE NONPREGNANT ADULT","FEMALE NONPREGNANT ADULT","DMR957.L",2863,2348881,1.21997826927309,3492.79778492884
"115","DMR957","Spleen","infected*",0.006,"Adult","Nonreproductive","Female","Dry","1G12-DMR957-S_S94",449841.6549,195995.5323,"S_S94",4.8,1.3,"18",50,154,"7.4","133",18,"57","89",51,7.216,41.5,16.8,"-11",12,17.3,58.54,"Female Nonreproductive Adult","Adult","10/03/2017",0.811027986,1,16775,0,"FEMALE NONPREGNANT ADULT","FEMALE NONPREGNANT ADULT","DMR957.S",5583,2577229,1.11188558607265,6207.65722704361
"116","DMR958","Liver","undetected*",0,"Adult","Reproductive","Male","Dry","1G4-DMR958-L_S31",427092.8652,164021.1524,"L_S31",5.6,1.5,"16",50,159,"7.8","138",20,"79","<20",59,7.051,66.3,18.4,"-12",10,20.1,74.88,"Male Reproductive Adult","Adult","10/03/2017",0.999466097,0,27500,0,"MALE SCROTAL ADULT","MALE SCROTAL ADULT","DMR958.L",2245,2705849,1.05903314527471,2377.52941114173
"117","DMR958","Spleen","undetected*",0,"Adult","Reproductive","Male","Dry","1E9-DMR958-S_S68",416824.147,189969.041,"S_S68",5.6,1.5,"16",50,159,"7.8","138",20,"79","<20",59,7.051,66.3,18.4,"-12",10,20.1,74.88,"Male Reproductive Adult","Adult","10/03/2017",0.999466097,0,27500,0,"MALE SCROTAL ADULT","MALE SCROTAL ADULT","DMR958.S",1454,2408021,1.1900161074627,1730.28342025076
"118","DMR959","Liver","infected*",0.0066,"Adult","Nonreproductive","Female","Dry","2C10-DMR959-L_S154",868978.204,282782.8476,"L_S154",4.9,1.5,"16",50,151,"5.9","127",21,"67","24",54,7.105,61.8,19.4,"-10",10,18.4,63.29,"Female Nonreproductive Adult","Adult","10/03/2017",0.831668857,1,15250,0,"FEMALE NONPREGNANT ADULT","FEMALE NONPREGNANT ADULT","DMR959.L",3668,2330525,1.22958722910436,4510.12595635478
"119","DMR960","Liver","infected*",0.0053,"Adult","Reproductive","Male","Dry","1G7-DMR960-L_S54",230112.8188,84664.63891,"L_S54",4.7,1.8,"18",50,160,"6.2","137",21,"68","<20",53,7.041,70.8,19.2,"-11",10,18,79.34,"Male Reproductive Adult","Adult","10/03/2017",1.021106821,1,19000,0,"MALE SCROTAL ADULT","MALE SCROTAL ADULT","DMR960.L",2404,3139997,0.912607170359855,2193.90763754509
"120","DMR961","Spleen","undetected*",0,"Young","Nonreproductive","Male","Dry","2F6-DMR961-S_S133",551210.0588,134807.8306,"S_S133",4.5,1.4,"15",50,158,">9","135",25,"96","28",59,7.115,70.2,22.6,"-7",NA,20.1,47.18,"Male Nonreproductive Juvenile","Juvenile","10/03/2017",0.667988107,0,42700,0,"MALE JUVENILE (MASS < 55)","MALE JUVENILE","DMR961.S",3120,4115135,0.696352313376945,2172.61921773607
"121","DMR962","Liver","infected*",0.0833,"Adult","Reproductive","Female","Dry","2E8-DMR962-L_S144",252451.6058,90783.8746,"L_S144",5.1,1.2,"15",50,151,"8.4","125",23,"64","55",56,7.085,73.6,20.8,"-10",13,19,83.36,"Female Reproductive Adult","Adult","10/03/2017",1.070227244,10,12000,0,"FEMALE PREGNANT ADULT","FEMALE PREGNANT ADULT","DMR962.L",18540,3277434,0.874337599813889,16210.2191005495
"122","DMR962","Spleen","infected*",0.0833,"Adult","Reproductive","Female","Dry","1F11-DMR962-S_S85",510112.0901,218044.1693,"S_S85",5.1,1.2,"15",50,151,"8.4","125",23,"64","55",56,7.085,73.6,20.8,"-10",13,19,83.36,"Female Reproductive Adult","Adult","10/03/2017",1.070227244,10,12000,0,"FEMALE PREGNANT ADULT","FEMALE PREGNANT ADULT","DMR962.S",24158,2554490,1.12178312583272,27100.0367538669
"123","DMR963","Spleen","infected*",0.0075,"Adult","Reproductive","Male","Dry","2A7-DMR963-S_S134",278738.6243,115537.0855,"S_S134",4.9,1.6,"<15",50,163,"7.2","134",19,"82","25",59,7.065,61.5,17.6,"-13",18,20.1,74.02,"Male Reproductive Adult","Adult","10/03/2017",0.961298701,1,13300,0,"MALE SCROTAL ADULT","MALE SCROTAL ADULT","DMR963.S",14322,3064694,0.935030961364637,13391.5134286643
"124","DMR964","Liver","infected*",0.0273,"Young","Nonreproductive","Female","Dry","2E1-DMR964-L_S100",523865.6236,141275.2984,"L_S100",5.1,1.6,"16",50,164,"7.5","138",19,"116","25",61,7.03,63.3,16.7,"-14",16,20.7,55.79,"Female Nonreproductive Subadult","Subadult","10/03/2017",0.752393796,3,11000,0,"FEMALE < ADULT","FEMALE SUBADULT","DMR964.L",7918,3764506,0.761211106346605,6027.26954005242
"125","DMR965","Liver","infected*",0,"Adult","Reproductive","Female","Dry","2G2-DMR965-L_S109",321667.347,150286.715,"L_S109",5.3,1.4,"16",50,141,"8.2","119",20,"61","50",56,7.086,61.2,18.4,"-11",12,19,76.96,"Female Reproductive Adult","Adult","11/03/2017",0.995730366,0,11475,0,"FEMALE PREGNANT ADULT","FEMALE PREGNANT ADULT","DMR965.L",2115,2461168,1.16431863940553,2462.5339223427
"126","DMR966","Liver","infected*",0.0036,"Adult","Nonreproductive","Female","Dry","1G6-DMR966-L_S47",268321.7114,101709.5238,"L_S47",4.8,1.3,"16",50,153,"5.9","126",20,"76","27",56,7.157,52,18.4,"-10",14,19,61.45,"Female Nonreproductive Adult","Adult","11/03/2017",0.808446257,1,28050,0,"FEMALE NONPREGNANT ADULT","FEMALE NONPREGNANT ADULT","DMR966.L",3284,2709399,1.05764554320291,3473.30796387837
"127","DMR968","Liver","infected*",0.011,"Adult","Reproductive","Female","Dry","1C8-DMR968-L_S58",282937.6484,113908.3154,"L_S58",4.5,2.3,"18",50,149,">9","124",18,"59","26",53,7.103,51.9,16.2,"-13",NA,18,70.93,"Female Reproductive Adult","Adult","11/03/2017",0.98650904,2,18200,0,"FEMALE PREGNANT ADULT","FEMALE PREGNANT ADULT","DMR968.L",5828,2663746,1.07577215586938,6269.60012440674
"128","DMR969","Liver","infected*",0.2409,"Young","Nonreproductive","Male","Dry","1C5-DMR969-L_S35",297977.2099,94600.7729,"L_S35",NA,1.4,"<15",50,162,"5.7","136",22,"71","26",57,7.102,63.3,19.8,"-10",12,19.4,62.8,"Male Nonreproductive Subadult","Subadult","11/03/2017",0.819308545,56,23250,0,"MALE YOUNG/SUBADULT","MALE SUBADULT","DMR969.L",7981,3500973,0.818510676063036,6532.53370565909
"129","DMR970","Liver","undetected*",0,"Young","Nonreproductive","Female","Dry","2C7-DMR970-L_S136",364463.4399,127801.7335,"L_S136",4.8,1.4,"<15",50,155,"7.6","128",22,"86","25",59,7.025,75.2,19.6,"-11",14,20.1,47.45,"Female Nonreproductive Subadult","Subadult","11/03/2017",0.669441309,0,23000,0,"FEMALE < ADULT","FEMALE SUBADULT","DMR970.L",1606,2806537,1.02103901609294,1639.78865984526
"130","DMR970","Spleen","undetected*",0,"Young","Nonreproductive","Female","Dry","1C11-DMR970-S_S82",601103.0275,170586.9341,"S_S82",4.8,1.4,"<15",50,155,"7.6","128",22,"86","25",59,7.025,75.2,19.6,"-11",14,20.1,47.45,"Female Nonreproductive Subadult","Subadult","11/03/2017",0.669441309,0,23000,0,"FEMALE < ADULT","FEMALE SUBADULT","DMR970.S",3142,6709533,0.427091390281326,1341.92114826393
"131","DMR971","Liver","undetected*",0,"Young","Nonreproductive","Male","Dry","2C5-DMR971-L_S124",440474.2258,104072.136,"L_S124",NA,1.4,"<15",50,153,">9","131",23,"83","<20",53,7.108,67.2,21.5,"-8",NA,18,58.83,"Male Nonreproductive Subadult","Subadult","11/03/2017",0.79586039,0,19250,0,"MALE YOUNG/SUBADULT","MALE SUBADULT","DMR971.L",3712,4437012,0.645836382031068,2397.34465009932
"132","DMR972","Liver","infected*",0.0057,"Young","Nonreproductive","Female","Dry","2A1-DMR972-L_S96",449946.993,168935.4758,"L_S96",5.1,1.5,"16",50,158,">9","139",20,"81","<20",59,7.129,55.2,18.3,"-11",NA,20.1,40.44,"Female Nonreproductive Subadult","Subadult","11/03/2017",0.592353889,1,17500,0,"FEMALE < ADULT","FEMALE SUBADULT","DMR972.L",6281,2442382,1.17327419589091,7369.33522439081
"133","DMR973","Liver","undetected*",0,"Young","Nonreproductive","Female","Dry","1A6-DMR973-L_S41",202575.2066,77812.49563,"L_S41",4.4,1.7,"<15",50,173,">9","130",20,"125","<20",60,7.113,5.9,17.9,"-12",NA,20.4,38.72,"Female Nonreproductive Subadult","Subadult","11/03/2017",0.588807786,0,11200,0,"FEMALE < ADULT","FEMALE SUBADULT","DMR973.L",2414,2846179,1.00681783440481,2430.4582522532
"134","DMR973","Spleen","undetected*",0,"Young","Nonreproductive","Female","Dry","2B8-DMR973-S_S141",360979.2833,139310.9006,"S_S141",4.4,1.7,"<15",50,173,">9","130",20,"125","<20",60,7.113,5.9,17.9,"-12",NA,20.4,38.72,"Female Nonreproductive Subadult","Subadult","11/03/2017",0.588807786,0,11200,0,"FEMALE < ADULT","FEMALE SUBADULT","DMR973.S",1932,3110843,0.921159884027717,1779.68089594155
"135","DMR974","Liver","infected*",0.093,"Young","Nonreproductive","Male","Dry","2B5-DMR974-L_S123",646510.6302,145379.2558,"L_S123",NA,1.9,"<15",50,147,"7.7","121",24,"43","66",51,7.17,60.1,21.9,"-7",12,17.3,67.89,"Male Nonreproductive Subadult","Subadult","11/03/2017",0.910175627,7,7525,0,"MALE YOUNG/SUBADULT","MALE SUBADULT","DMR974.L",26940,4175241,0.686327753801142,18489.6696874028
"136","DMR974","Spleen","infected*",0.093,"Young","Nonreproductive","Male","Dry","1G1-DMR974-S_S7",364117.8505,162058.5987,"S_S7",NA,1.9,"<15",50,147,"7.7","121",24,"43","66",51,7.17,60.1,21.9,"-7",12,17.3,67.89,"Male Nonreproductive Subadult","Subadult","11/03/2017",0.910175627,7,7525,0,"MALE YOUNG/SUBADULT","MALE SUBADULT","DMR974.S",51319,2578593,1.11129743123806,57030.6728737058
"137","DMR975","Liver","undetected*",0,"Young","Nonreproductive","Female","Dry","2A5-DMR975-L_S122",734533.6707,168906.1484,"L_S122",4.8,2.6,"<15",50,157,">9","139",17,"92","24",54,7.121,48.7,15.9,"-13",NA,18.4,43.64,"Female Nonreproductive Subadult","Subadult","11/03/2017",0.635966191,0,13750,0,"FEMALE < ADULT","FEMALE SUBADULT","DMR975.L",4599,3767107,0.760685527941849,3498.39274300456
"138","DMR975","Spleen","undetected*",0,"Young","Nonreproductive","Female","Dry","1H1-DMR975-S_S8",387618.7514,159866.688,"S_S8",4.8,2.6,"<15",50,157,">9","139",17,"92","24",54,7.121,48.7,15.9,"-13",NA,18.4,43.64,"Female Nonreproductive Subadult","Subadult","11/03/2017",0.635966191,0,13750,0,"FEMALE < ADULT","FEMALE SUBADULT","DMR975.S",1588,2884033,0.993602977881471,1577.84152887578
"139","DMR976","Liver","infected*",0.1212,"Adult","Nonreproductive","Female","Dry","2F2-DMR976-L_S108",548967.2536,199876.7802,"L_S108",5.3,2.1,"<15",50,162,"6.4","132",21,"107","<20",63,7.157,50.6,17.9,"-11",18,21.4,58,"Female Nonreproductive Adult","Adult","11/03/2017",0.760356581,17,14025,0,"FEMALE NONPREGNANT ADULT","FEMALE NONPREGNANT ADULT","DMR976.L",10029,2575033,1.1128338072205,11160.6102526144
"140","DMR976","Spleen","infected*",0.1212,"Adult","Nonreproductive","Female","Dry","2B12-DMR976-S_S165",318039.2698,149988.4779,"S_S165",5.3,2.1,"<15",50,162,"6.4","132",21,"107","<20",63,7.157,50.6,17.9,"-11",18,21.4,58,"Female Nonreproductive Adult","Adult","11/03/2017",0.760356581,17,14025,0,"FEMALE NONPREGNANT ADULT","FEMALE NONPREGNANT ADULT","DMR976.S",8683,2475025,1.15779993216571,10053.1768109948
"141","DMR978","Liver","infected*",1.7921,"Young","Nonreproductive","Female","Rainy","1D10-DMR978-L_S75",909150.4901,289933.3103,"L_S75",4.6,1,"17",50,142,"5.4","110",22,"44","<20",52,7.125,61.1,20.1,"-9",18,17.7,43.92,"Female Nonreproductive Subadult","Subadult","14/07/2017",0.635232861,125,6975,0,"FEMALE < ADULT","FEMALE SUBADULT","DMR978.L",97610,2600317,1.10201324573444,107567.512916138
"142","DMR978","Spleen","infected*",1.7921,"Young","Nonreproductive","Female","Rainy","1B12-DMR978-S_S89",224487.1413,109078.424,"S_S89",4.6,1,"17",50,142,"5.4","110",22,"44","<20",52,7.125,61.1,20.1,"-9",18,17.7,43.92,"Female Nonreproductive Subadult","Subadult","14/07/2017",0.635232861,125,6975,0,"FEMALE < ADULT","FEMALE SUBADULT","DMR978.S",128801,2677657,1.07018328975983,137840.677904356
"143","DMR979","Liver","infected*",0.5905,"Adult","Reproductive","Male","Rainy","1D6-DMR979-L_S44",678973.5879,388154.8325,"L_S44",4.8,1.3,"<15",50,143,"8.8","117",19,"76","103",56,7.056,60.8,17.1,"-13",17,19,76.24,"Male Reproductive Adult","Adult","14/07/2017",0.996601307,93,15750,0,"MALE SCROTAL ADULT","MALE SCROTAL ADULT","DMR979.L",88093,1433363,1.99920311680184,176115.800168424
"144","DMR979","Spleen","infected*",0.5905,"Adult","Reproductive","Male","Rainy","2E4-DMR979-S_S120",1023662.105,368910.0057,"S_S120",4.8,1.3,"<15",50,143,"8.8","117",19,"76","103",56,7.056,60.8,17.1,"-13",17,19,76.24,"Male Reproductive Adult","Adult","14/07/2017",0.996601307,93,15750,0,"MALE SCROTAL ADULT","MALE SCROTAL ADULT","DMR979.S",30340,2143857,1.33664874901098,40553.9230449931
"145","DMR980","Liver","infected*",0.1476,"Young","Nonreproductive","Male","Rainy","1G10-DMR980-L_S78",756157.6278,354278.8344,"L_S78",5,1.4,"<15",50,138,"7.6","114",19,"68","29",52,7.068,58.4,16.9,"-13",15,17.7,53.71,"Male Nonreproductive Juvenile","Juvenile","14/07/2017",0.761843972,31,21000,0,"MALE JUVENILE (MASS < 55)","MALE JUVENILE","DMR980.L",6197,1328801,2.1565183779275,13363.9443880167
"146","DMR981","Liver","infected*",0.5222,"Young","Nonreproductive","Male","Rainy","1E4-DMR981-L_S29",502747.948,184950.1412,"L_S29",5.2,1.6,"<15",57,149,"6.3","124",17,"86","56",51,7.106,50.1,15.8,"<14",16,17.3,66.18,"Male Nonreproductive Subadult","Subadult","14/07/2017",0.906575342,47,9000,0,"MALE YOUNG/SUBADULT","MALE SUBADULT","DMR981.L",28804,2450897,1.1691979618517,33677.5780931762
"147","DMR982","Liver","infected*",0.0571,"Young","Nonreproductive","Male","Rainy","2B2-DMR982-L_S104",525730.1693,172891.7353,"L_S104",5.1,1.6,"16",50,146,"4.9","120",20,"62","<20",48,7.118,56.4,18.3,"-11",12,16.3,41.85,"Male Nonreproductive Juvenile","Juvenile","14/07/2017",0.598712446,14,24500,0,"MALE JUVENILE (MASS < 55)","MALE JUVENILE","DMR982.L",7346,2934100,0.976648300026732,7174.45841199637
"148","DMR982","Spleen","infected*",0.0571,"Young","Nonreproductive","Male","Rainy","2E9-DMR982-S_S150",377211.9824,150763.6774,"S_S150",5.1,1.6,"16",50,146,"4.9","120",20,"62","<20",48,7.118,56.4,18.3,"-11",12,16.3,41.85,"Male Nonreproductive Juvenile","Juvenile","14/07/2017",0.598712446,14,24500,0,"MALE JUVENILE (MASS < 55)","MALE JUVENILE","DMR982.S",6049,2914599,0.983182858811258,5947.2731129493
"149","DMR985","Spleen","infected*",0.634146341,"Adult","Nonreproductive","Male","Rainy","2B3-DMR985-S_S111",NA,NA,"S_S111",NA,NA,"",NA,NA,"","",NA,"","",NA,NA,NA,NA,"",NA,NA,NA,"Male Nonreproductive Adult","Adult","15/07/2017",NA,NA,NA,0,"MALE ADULT ABDOMINAL","MALE ADULT ABDOMINAL","DMR985.S",79891,2587857,1.10731921319781,88464.8392615859
"150","DMR986","Spleen","infected*",0.906666667,"Young","Nonreproductive","Female","Rainy","2F10-DMR986-S_S157",NA,NA,"S_S157",NA,NA,"",NA,NA,"","",NA,"","",NA,NA,NA,NA,"",NA,NA,NA,"Female Nonreproductive Juvenile","Juvenile","15/07/2017",NA,NA,NA,0,"FEMALE JUVENILE NON PREGNANT","FEMALE JUVENILE NON PREGNANT","DMR986.S",54620,235846,12.1502326819553,663645.709088399
"151","DMR987","Spleen","infected*",0.066115702,"Adult","Nonreproductive","Male","Rainy","2D3-DMR987-S_S113",NA,NA,"S_S113",NA,NA,"",NA,NA,"","",NA,"","",NA,NA,NA,NA,"",NA,NA,NA,"Male Nonreproductive Adult","Adult","15/07/2017",NA,NA,NA,0,"MALE ADULT ABDOMINAL","MALE ADULT ABDOMINAL","DMR987.S",39185,1650239,1.73646591621482,68043.4169268778
"152","DMR989","Liver","infected*",0.8416,"Young","Nonreproductive","Male","Rainy","1E6-DMR989-L_S45",416939.0725,105520.732,"L_S45",5.5,1.8,NA,50,143,"8.4","122",27,"80","<20",47,7.19,64.9,24.8,"-3",5,16,44,"Male Nonreproductive Juvenile","Juvenile","15/07/2017",0.651851852,89,10575,0,"MALE JUVENILE (MASS < 55)","MALE JUVENILE","DMR989.L",112257,4201005,0.68211863044877,76572.5910982875
"153","DMR989","Spleen","infected*",0.8416,"Young","Nonreproductive","Male","Rainy","1A12-DMR989-S_S88",314361.5582,144304.5388,"S_S88",5.5,1.8,NA,50,143,"8.4","122",27,"80","<20",47,7.19,64.9,24.8,"-3",5,16,44,"Male Nonreproductive Juvenile","Juvenile","15/07/2017",0.651851852,89,10575,0,"MALE JUVENILE (MASS < 55)","MALE JUVENILE","DMR989.S",45766,2625770,1.0913308389952,49945.8471774545
"154","DMR990","Liver","infected*",1.4343,"Adult","Reproductive","Female","Rainy","2C1-DMR990-L_S98",552574.7709,184823.7382,"L_S98",5.2,2.2,NA,62,154,"6.1","122",17,"117","58",60,7.028,59.6,15.7,"-15",22,20.4,72.93,"Female Reproductive Adult","Adult","15/07/2017",0.941032258,142,9900,0,"FEMALE PREGNANT ADULT","FEMALE PREGNANT ADULT","DMR990.L",119455,2918363,0.981914784798338,117294.630618086
"155","DMR990","Spleen","infected*",1.4343,"Adult","Reproductive","Female","Rainy","2B11-DMR990-S_S159",278642.9895,142954.9497,"S_S159",5.2,2.2,NA,62,154,"6.1","122",17,"117","58",60,7.028,59.6,15.7,"-15",22,20.4,72.93,"Female Reproductive Adult","Adult","15/07/2017",0.941032258,142,9900,0,"FEMALE PREGNANT ADULT","FEMALE PREGNANT ADULT","DMR990.S",153973,2501841,1.14539004561378,176359.141493291
"156","DMR991","Liver","infected*",0.0125,"Adult","Reproductive","Male","Rainy","1C1-DMR991-L_S3",284877.2092,107195.4497,"L_S3",5.7,1.4,NA,50,149,"4.3","119",16,"78","48",52,7.065,52,14.9,"-15",20,17.7,75.85,"Male Reproductive Adult","Adult","16/07/2017",0.99920959,2,15950,0,"MALE SCROTAL ADULT","MALE SCROTAL ADULT","DMR991.L",2645,2825591,1.01415377423995,2682.43673286467
"157","DMR992","Liver","infected*",0.0132,"Young","Nonreproductive","Male","Rainy","1G8-DMR992-L_S62",243258.2234,138538.609,"L_S62",5.8,0.8,NA,64,149,"5.2","119",19,"73","26",57,7.201,44.3,17.4,"-11",18,19.4,65.82,"Male Nonreproductive Subadult","Subadult","16/07/2017",0.88337136,2,15200,0,"MALE YOUNG/SUBADULT","MALE SUBADULT","DMR992.L",13535,5318449,0.538800649796291,7292.6667949928
"158","DMR993","Liver","infected*",0.003218021,"Adult","Nonreproductive","Male","Rainy","2B4-DMR993-L_S117",NA,NA,"L_S117",NA,NA,"",NA,NA,"","",NA,"","",NA,NA,NA,NA,"",NA,NA,NA,"Male Nonreproductive Adult","Adult","16/07/2017",NA,NA,NA,0,"MALE ADULT ABDOMINAL","MALE ADULT ABDOMINAL","DMR993.L",9005,7146597,0.400971787986427,3610.75095081777
"159","DMR993","Spleen","infected*",0.0032,"Adult","Reproductive","Male","Rainy","1G11-DMR993-S_S86",334203.4132,177495.1348,"S_S86",5.7,1,NA,50,148,"5.2","115",19,"90","79",49,7.135,50.9,17.1,"-12",21,16.7,78.69,"Male Reproductive Adult","Adult","16/07/2017",1.030918381,1,31075,0,"MALE SCROTAL ADULT","MALE SCROTAL ADULT","DMR993.S",3314,2268014,1.26347711130021,4187.16314684889
"160","DMR994","Liver","infected*",0.3721,"Young","Nonreproductive","Male","Rainy","1E10-DMR994-L_S76",278010.4295,151231.2515,"L_S76",4.9,0.9,NA,50,147,"4.3","115",20,"59","73",49,7.235,43.8,18.6,"-9",18,16.7,65.97,"Male Nonreproductive Subadult","Subadult","16/07/2017",0.881244991,36,9675,0,"MALE YOUNG/SUBADULT","MALE SUBADULT","DMR994.L",19428,1966197,1.45742454957893,28314.8441492194
"161","DMR995","Liver","infected*",0.0591,"Adult","Reproductive","Female","Rainy","1B5-DMR995-L_S34",185628.3813,66525.13542,"L_S34",4.5,1.3,NA,67,140,"6.7","118",17,"99","55",50,7.204,41,16.2,"-12",13,17,66.73,"Female Reproductive Adult","Adult","16/07/2017",0.910616812,9,15225,1,"FEMALE PREGNANT ADULT","FEMALE PREGNANT ADULT","DMR995.L",10025,3426502,0.836300045092177,8383.90795204907
"162","DMR995","Spleen","infected*",0.0591,"Adult","Reproductive","Female","Rainy","2A10-DMR995-S_S152",391400.9975,203355.3634,"S_S152",4.5,1.3,NA,67,140,"6.7","118",17,"99","55",50,7.204,41,16.2,"-12",13,17,66.73,"Female Reproductive Adult","Adult","16/07/2017",0.910616812,9,15225,1,"FEMALE PREGNANT ADULT","FEMALE PREGNANT ADULT","DMR995.S",8181,2460473,1.16464751985022,9527.98135989466
"163","DMR997","Liver","infected*",0.95,"Adult","Reproductive","Female","Rainy","1H12-DMR997-L_S95",355217.6669,166563.3487,"L_S95",4.6,1.2,NA,50,138,"7.1",NA,25,NA,NA,NA,7.149,66,23,"-6",NA,NA,67.77,"Female Reproductive Adult","Adult","16/07/2017",0.8629823,57,6000,0,"FEMALE PREGNANT ADULT","FEMALE PREGNANT ADULT","DMR997.L",27423,2304550,1.24344612922628,34099.0232017724
"164","DMR997","Spleen","infected*",0.95,"Adult","Reproductive","Female","Rainy","2F11-DMR997-S_S163",551579.0649,206754.8408,"S_S163",4.6,1.2,NA,50,138,"7.1",NA,25,NA,NA,NA,7.149,66,23,"-6",NA,NA,67.77,"Female Reproductive Adult","Adult","16/07/2017",0.8629823,57,6000,0,"FEMALE PREGNANT ADULT","FEMALE PREGNANT ADULT","DMR997.S",117333,2661079,1.07685032165841,126350.078791146
"165","DMR998","Liver","infected*",0.0758,"Young","Nonreproductive","Male","Rainy","1H8-DMR998-L_S63",165392.4637,83028.00724,"L_S63",4.9,1.2,NA,66,145,"4.8","116",19,"56","51",53,7.188,46.4,17.6,"-11",16,18,62.7,"Male Nonreproductive Subadult","Subadult","16/07/2017",0.880617978,5,6600,0,"MALE YOUNG/SUBADULT","MALE SUBADULT","DMR998.L",5179,2109454,1.3584480994174,7035.40270688272
"166","DMR999","Liver","infected*",0.06,"Adult","Reproductive","Female","Rainy","1F7-DMR999-L_S53",412986.6318,114307.4287,"L_S53",5.4,1.3,NA,50,147,"5.2","118",22,"76","47",57,7.12,62.4,20.3,"-9",14,19.4,66.68,"Female Reproductive Adult","Adult","16/07/2017",0.886938015,9,15000,0,"FEMALE PREGNANT ADULT","FEMALE PREGNANT ADULT","DMR999.L",13764,3683806,0.777886722891606,10706.8328538801
