SampleID,Organ,Infectious_status_blood,Parasitemia_in_percent,Age_2category,Reproductive_status,Sex,Season,Sample_ID_sequencing,Counts_Ken,TPM_Ken,Name,A1C,Ketone,HDL,TRIGLYC,Na,K,Cl,TCO2,BUN,Glu,Hct,pH,PCO2,HCO3,Beecf,AnGap,Hb,Mass,Class_DMR,Age_category_DMR,Dissection.date,BCI,numerators....of.parasites.,denominators....of.erythrocytes.,trypanosome_infection,OriginalClass,Class..Aug.2018.
DMR1000,Liver,infected,0.017,Young,Nonreproductive,Male,Rainy,1E7-DMR1000-L_S52,224905.6659,119771.4141,L_S52,5.1,1.1,NA,50,140,5.8,115,20,70,70,54,7.121,56.3,18.3,-11,13,18.4,70.9,Male Nonreproductive Subadult,Subadult,16/07/2017,0.924621805,2,11750,0,MALE YOUNG/SUBADULT,MALE SUBADULT
DMR1001,Liver,uninfected,0,Young,Nonreproductive,Male,Rainy,1C4-DMR1001-L_S27,538972.7375,205099.5249,L_S27,5.3,1.1,NA,50,153,4.4,122,NA,93,48,56,NA,NA,NA,NA,NA,19,66.66,Male Nonreproductive Subadult,Subadult,16/07/2017,0.867516918,0,18800,0,MALE YOUNG/SUBADULT,MALE SUBADULT
DMR1002,Liver,infected,0,Young,Nonreproductive,Male,Rainy,1B3-DMR1002-L_S18,387992.3252,174858.9394,L_S18,4.8,1,NA,50,142,6.1,118,23,52,22,45,7.185,55.9,21.1,-7,10,15.3,48.14,Male Nonreproductive Juvenile,Juvenile,16/07/2017,0.701442518,0,30000,0,MALE JUVENILE (MASS < 55),MALE JUVENILE
DMR1003,Liver,infected,0.049382716,Adult,Reproductive,Female,Rainy,1F9-DMR1003-L_S69,,,L_S69,,,,,,,,,,,,,,,,,,,Female Reproductive Adult,Adult,16/07/2017,,,,0,FEMALE PREGNANT ADULT,FEMALE PREGNANT ADULT
DMR1003,Spleen,infected,0.049382716,Adult,Reproductive,Female,Rainy,2A11-DMR1003-S_S158,,,S_S158,,,,,,,,,,,,,,,,,,,Female Reproductive Adult,Adult,16/07/2017,,,,0,FEMALE PREGNANT ADULT,FEMALE PREGNANT ADULT
DMR1004,Liver,infected,NA,Young,Nonreproductive,Male,Rainy,1D4-DMR1004-L_S28,379447.6746,136255.4918,L_S28,NA,0.6,21,50,142,5.6,116,21,63,21,46,7.166,54.5,19.7,-9,12,15.6,40.85,Male Nonreproductive Juvenile,Juvenile,17/07/2017,0.605723606,0,0,1,MALE JUVENILE (MASS < 55),MALE JUVENILE
DMR1004,Spleen,infected,NA,Young,Nonreproductive,Male,Rainy,2D9-DMR1004-S_S149,318778.5572,134487.2781,S_S149,NA,0.6,21,50,142,5.6,116,21,63,21,46,7.166,54.5,19.7,-9,12,15.6,40.85,Male Nonreproductive Juvenile,Juvenile,17/07/2017,0.605723606,0,0,1,MALE JUVENILE (MASS < 55),MALE JUVENILE
DMR1005,Spleen,infected,0.5128,Young,Nonreproductive,Male,Rainy,1D1-DMR1005-S_S4,370483.3721,178721.3127,S_S4,NA,0.9,NA,50,147,7,125,20,58,<20,55,7.07,61.8,17.9,-12,11,18.7,43.58,Male Nonreproductive Juvenile,Juvenile,17/07/2017,0.663722205,50,9750,0,MALE JUVENILE (MASS < 55),MALE JUVENILE
DMR1006,Liver,infected,0.0141,Young,Nonreproductive,Male,Rainy,1A4-DMR1006-L_S25,256667.0367,92977.80616,L_S25,NA,1,NA,50,148,4.1,117,22,54,27,47,7.131,60.5,20.2,-9,15,16,52.09,Male Nonreproductive Juvenile,Juvenile,17/07/2017,0.731190343,3,21250,0,MALE JUVENILE (MASS < 55),MALE JUVENILE
DMR1006,Spleen,infected,0.0141,Young,Nonreproductive,Male,Rainy,2A6-DMR1006-S_S128,286847.9248,100354.4165,S_S128,NA,1,NA,50,148,4.1,117,22,54,27,47,7.131,60.5,20.2,-9,15,16,52.09,Male Nonreproductive Juvenile,Juvenile,17/07/2017,0.731190343,3,21250,0,MALE JUVENILE (MASS < 55),MALE JUVENILE
DMR1007,Liver,infected,0,Young,Nonreproductive,Male,Rainy,1B11-DMR1007-L_S81,483355.6393,193817.3838,L_S81,NA,0.8,NA,50,145,5.2,110,27,51,26,54,7.156,71.6,25.2,-4,15,18.4,42.18,Male Nonreproductive Juvenile,Juvenile,17/07/2017,0.613973799,0,0,0,"MALE JUVENILE (MASS < 55); CHECK SPECIMEN; HAD RECORDED ""SMALL EPAULETTES""",MALE JUVENILE
DMR1008,Liver,infected,0.2154,Adult,Reproductive,Female,Rainy,1F6-DMR1008-L_S46,225392.4016,67358.13048,L_S46,5.1,1.3,NA,52,114,5.3,116,16,66,54,54,7.206,37.9,15,-13,18,18.4,64.4,Female Reproductive Adult,Adult,17/07/2017,0.871447903,21,9750,0,FEMALE PREGNANT ADULT,FEMALE PREGNANT ADULT
DMR1009,Liver,infected,0.3,Young,Nonreproductive,Male,Rainy,2A12-DMR1009-L_S164,261309.2012,78755.64687,L_S164,NA,1.2,NA,50,145,5.6,112,23,64,22,46,7.148,62.1,21.5,-7,18,15.6,44.91,Male Nonreproductive Juvenile,Juvenile,17/07/2017,0.673212412,27,9000,1,MALE JUVENILE (MASS < 55),MALE JUVENILE
DMR1010,Liver,infected,0.1571,Adult,Reproductive,Female,Rainy,2B6-DMR1010-L_S129,190882.7802,54205.52171,L_S129,NA,0.7,NA,50,143,3.5,118,16,70,55,52,7.136,44.4,15,-14,14,17.7,67.04,Female Reproductive Adult,Adult,17/07/2017,0.902774037,11,7000,0,FEMALE PREGNANT ADULT,FEMALE PREGNANT ADULT
DMR1010,Spleen,infected,0.1571,Adult,Reproductive,Female,Rainy,2D10-DMR1010-S_S155,564268.5605,199480.0107,S_S155,NA,0.7,NA,50,143,3.5,118,16,70,55,52,7.136,44.4,15,-14,14,17.7,67.04,Female Reproductive Adult,Adult,17/07/2017,0.902774037,11,7000,0,FEMALE PREGNANT ADULT,FEMALE PREGNANT ADULT
DMR1011,Liver,infected,0.5088,Adult,Reproductive,Female,Rainy,2E3-DMR1011-L_S114,576551.2403,175912.8806,L_S114,5,1.1,NA,59,148,4.8,112,18,48,54,51,7.15,47.3,16.5,-12,24,17.3,56.79,Female Reproductive Adult,Adult,17/07/2017,0.798397301,29,5700,0,FEMALE PREGNANT ADULT,FEMALE PREGNANT ADULT
DMR1011,Spleen,infected,0.5088,Adult,Reproductive,Female,Rainy,1F8-DMR1011-S_S61,277074.0256,149306.3501,S_S61,5,1.1,NA,59,148,4.8,112,18,48,54,51,7.15,47.3,16.5,-12,24,17.3,56.79,Female Reproductive Adult,Adult,17/07/2017,0.798397301,29,5700,0,FEMALE PREGNANT ADULT,FEMALE PREGNANT ADULT
DMR1012,Liver,infected,0.2455,Young,Nonreproductive,Female,Rainy,1C3-DMR1012-L_S19,850166.4961,409624.6764,L_S19,5,1.5,NA,50,139,6.5,116,18,49,<20,45,7.04,60.3,16.3,-14,14,15.3,43.28,Female Nonreproductive Subadult,Subadult,17/07/2017,0.662787136,27,11000,0,FEMALE < ADULT,FEMALE SUBADULT
DMR1013,Liver,infected,0.2733,Adult,Reproductive,Male,Rainy,1B2-DMR1013-L_S10,258842.9321,109618.8,L_S10,NA,1.6,NA,50,151,4.3,122,18,67,58,56,7.126,50.1,16.5,-13,16,19,75.66,Male Reproductive Adult,Adult,17/07/2017,1.005181347,41,15000,0,MALE SCROTAL ADULT,MALE SCROTAL ADULT
DMR1013,Spleen,infected,0.2733,Adult,Reproductive,Male,Rainy,2F9-DMR1013-S_S151,323676.1858,158102.6584,S_S151,NA,1.6,NA,50,151,4.3,122,18,67,58,56,7.126,50.1,16.5,-13,16,19,75.66,Male Reproductive Adult,Adult,17/07/2017,1.005181347,41,15000,0,MALE SCROTAL ADULT,MALE SCROTAL ADULT
DMR1014,Liver,infected,0.2667,Adult,Reproductive,Female,Rainy,1C12-DMR1014-L_S90,383207.593,107587.1305,L_S90,4.9,1.7,NA,50,152,5.6,121,17,63,38,59,7.056,56.2,15.8,-15,21,20.1,65,Female Reproductive Adult,Adult,18/07/2017,0.851008117,20,7500,0,FEMALE PREGNANT ADULT,FEMALE PREGNANT ADULT
DMR1015,Liver,infected,0.0089,Young,Nonreproductive,Female,Rainy,1D5-DMR1015-L_S36,374060.7142,102286.0038,L_S36,4.7,0.9,NA,63,141,5.1,112,24,63,20,53,7.151,63.3,22.1,-7,12,18,39.3,Female Nonreproductive Subadult,Subadult,18/07/2017,0.604150653,1,11250,0,FEMALE < ADULT,FEMALE SUBADULT
DMR1015,Spleen,infected,0.0089,Young,Nonreproductive,Female,Rainy,1G3-DMR1015-S_S23,441761.5079,204255.3814,S_S23,4.7,0.9,NA,63,141,5.1,112,24,63,20,53,7.151,63.3,22.1,-7,12,18,39.3,Female Nonreproductive Subadult,Subadult,18/07/2017,0.604150653,1,11250,0,FEMALE < ADULT,FEMALE SUBADULT
DMR1016,Liver,infected,0,Adult,Reproductive,Female,Rainy,2B10-DMR1016-L_S153,331214.6218,113065.168,L_S153,5,1,NA,50,149,3.9,116,19,53,24,4.9,7.098,57.1,17.7,-12,19,16.7,61.36,Female Reproductive Adult,Adult,18/07/2017,0.845878136,0,26000,0,FEMALE PREGNANT ADULT,FEMALE PREGNANT ADULT
DMR1016,Spleen,infected,0,Adult,Reproductive,Female,Rainy,1E8-DMR1016-S_S60,454830.4065,134082.0068,S_S60,5,1,NA,50,149,3.9,116,19,53,24,4.9,7.098,57.1,17.7,-12,19,16.7,61.36,Female Reproductive Adult,Adult,18/07/2017,0.845878136,0,26000,0,FEMALE PREGNANT ADULT,FEMALE PREGNANT ADULT
DMR1017,Liver,infected,0.4,Young,Nonreproductive,Female,Rainy,2C11-DMR1017-L_S160,359582.5292,127137.0755,L_S160,4.8,1.2,NA,56,144,5.4,113,22,54,79,46,7.141,60.5,20.6,-8,16,15.6,47.45,Female Nonreproductive Subadult,Subadult,18/07/2017,0.661416225,24,6000,0,FEMALE < ADULT,FEMALE SUBADULT
DMR1018,Liver,uninfected,0,Young,Nonreproductive,Female,Rainy,1A2-DMR1018-L_S9,244859.9817,83310.44662,L_S9,5.2,0.9,22,118,144,5.6,115,21,53,92,46,7.231,45.8,19.2,-8,16,15.6,44.42,Female Nonreproductive Subadult,Subadult,18/07/2017,0.638035047,0,19125,0,FEMALE < ADULT,FEMALE SUBADULT
DMR1019,Spleen,infected,NA,Adult,Reproductive,Male,Rainy,1G9-DMR1019-S_S70,390223.0182,197494.9899,S_S70,5.7,1.2,NA,84,156,4.8,116,22,66,22,55,7.178,54.3,20.2,-8,24,18.6,73.16,Male Reproductive Adult,Adult,19/07/2017,0.97990892,NA,NA,0,MALE SCROTAL ADULT,MALE SCROTAL ADULT
DMR1020,Liver,infected,2.6939,Adult,Reproductive,Female,Rainy,1F5-DMR1020-L_S38,413124.2759,90728.74487,L_S38,4.8,1.4,NA,50,142,4.6,110,NA,87,<20,51,NA,NA,NA,NA,NA,17.3,66.18,Female Reproductive Adult,Adult,19/07/2017,0.880053191,198,7350,0,FEMALE PREGNANT ADULT,FEMALE PREGNANT ADULT
DMR1021,Liver,infected,0.7648,Adult,Reproductive,Male,Rainy,2A2-DMR1021-L_S103,275767.965,91218.74213,L_S103,4.9,1.6,NA,50,151,4.4,120,19,83,40,51,7.158,50.1,17.8,-11,18,17.3,72.13,Male Reproductive Adult,Adult,19/07/2017,0.936266874,87,11375,0,MALE SCROTAL ADULT,MALE SCROTAL ADULT
DMR1022,Liver,infected,0.4711,Adult,Reproductive,Male,Rainy,1F3-DMR1022-L_S22,393978.5178,157341.0315,L_S22,5.2,0.8,NA,50,156,4.4,121,20,74,<20,56,7.141,53.9,18.4,-11,21,19,75.23,Male Reproductive Adult,Adult,19/07/2017,0.991042023,53,11250,0,MALE SCROTAL ADULT,MALE SCROTAL ADULT
DMR1022,Spleen,infected,0.4711,Adult,Reproductive,Male,Rainy,1B4-DMR1022-S_S26,230687.1859,111955.1218,S_S26,5.2,0.8,NA,50,156,4.4,121,20,74,<20,56,7.141,53.9,18.4,-11,21,19,75.23,Male Reproductive Adult,Adult,19/07/2017,0.991042023,53,11250,0,MALE SCROTAL ADULT,MALE SCROTAL ADULT
DMR1023,Liver,infected,NA,Adult,Reproductive,Female,Rainy,2C6-DMR1023-L_S130,409702.6984,80223.95461,L_S130,4.6,1.2,NA,62,152,4,120,18,64,23,47,7.212,40.7,16.3,-12,19,16,66.25,Female Reproductive Adult,Adult,19/07/2017,0.921418637,NA,NA,0,FEMALE PREGNANT ADULT,FEMALE PREGNANT ADULT
DMR1023,Spleen,infected,NA,Adult,Reproductive,Female,Rainy,2F5-DMR1023-S_S127,447815.437,193347.4985,S_S127,4.6,1.2,NA,62,152,4,120,18,64,23,47,7.212,40.7,16.3,-12,19,16,66.25,Female Reproductive Adult,Adult,19/07/2017,0.921418637,NA,NA,0,FEMALE PREGNANT ADULT,FEMALE PREGNANT ADULT
DMR1024,Liver,infected,NA,Young,Nonreproductive,Male,Rainy,1B1-DMR1024-L_S2,272562.6864,123113.5295,L_S2,5.4,0.9,NA,54,148,4.5,117,23,86,29,46,7.119,63.6,20.6,-9,14,15.6,47.7,Male Nonreproductive Juvenile,Juvenile,19/07/2017,0.701470588,NA,NA,0,MALE JUVENILE (MASS < 55),MALE JUVENILE
DMR1024,Spleen,infected,NA,Young,Nonreproductive,Male,Rainy,2D6-DMR1024-S_S131,478758.3378,155590.6837,S_S131,5.4,0.9,NA,54,148,4.5,117,23,86,29,46,7.119,63.6,20.6,-9,14,15.6,47.7,Male Nonreproductive Juvenile,Juvenile,19/07/2017,0.701470588,NA,NA,0,MALE JUVENILE (MASS < 55),MALE JUVENILE
DMR1025,Liver,infected,0.0875,Young,Nonreproductive,Female,Rainy,2C8-DMR1025-L_S142,447562.9374,163890.3442,L_S142,5.3,0.8,NA,50,145,5.6,113,25,55,40,43,7.196,59.9,23.2,-5,15,14.6,45.56,Female Nonreproductive Subadult,Subadult,19/07/2017,0.67,14,16000,0,FEMALE < ADULT,FEMALE SUBADULT
DMR1026,Liver,infected,0.0556,Adult,Reproductive,Female,Rainy,1H5-DMR1026-L_S40,236837.9241,69191.92128,L_S40,5.1,0.8,NA,170,146,4.3,117,16,72,63,55,7.179,39.2,14.6,-14,18,18.7,65,Female Reproductive Adult,Adult,19/07/2017,0.883872722,5,9000,0,FEMALE PREGNANT ADULT,FEMALE PREGNANT ADULT
DMR1027,Liver,infected,NA,Young,Nonreproductive,Female,Rainy,2E5-DMR1027-L_S126,,,L_S126,,,,,,,,,,,,,,,,,,,Female Nonreproductive Juvenile,Juvenile,19/07/2017,,0,0,0,FEMALE JUVENILE NON PREGNANT,FEMALE JUVENILE NON PREGNANT
DMR1028,Liver,infected,2.3167,Young,Nonreproductive,Female,Rainy,1A7-DMR1028-L_S48,125276.9729,60086.7856,L_S48,4.9,1.1,NA,65,153,4.7,121,20,94,26,52,7.128,54.4,18,-11,18,17.7,44.78,Female Nonreproductive Subadult,Subadult,19/07/2017,0.641088046,139,6000,0,FEMALE < ADULT,FEMALE SUBADULT
DMR1029,Liver,infected,2.4,Adult,Reproductive,Male,Rainy,1H2-DMR1029-L_S16,392988.7011,162189.5701,L_S16,NA,0.9,NA,50,139,6.2,110,26,33,<20,49,7.227,57.5,23.9,-4,11,16.7,77.87,Male Reproductive Adult,Adult,20/07/2017,1.038266667,126,5250,0,MALE SCROTAL ADULT,MALE SCROTAL ADULT
DMR1029,Spleen,infected,2.4,Adult,Reproductive,Male,Rainy,2E6-DMR1029-S_S132,467965.5389,120166.9167,S_S132,NA,0.9,NA,50,139,6.2,110,26,33,<20,49,7.227,57.5,23.9,-4,11,16.7,77.87,Male Reproductive Adult,Adult,20/07/2017,1.038266667,126,5250,0,MALE SCROTAL ADULT,MALE SCROTAL ADULT
DMR1030,Liver,infected,0,Young,Nonreproductive,Female,Rainy,2D1-DMR1030-L_S99,370928.9317,134622.6631,L_S99,NA,1.4,NA,74,145,4.5,113,20,65,71,44,7.22,46.6,19.1,-9,18,15,45.52,Female Nonreproductive Subadult,Subadult,20/07/2017,0.700307692,0,24750,0,FEMALE < ADULT,FEMALE SUBADULT
DMR1031,Liver,infected,1.0636,Young,Nonreproductive,Female,Rainy,1B9-DMR1031-L_S65,220579.1694,143245.4006,L_S65,NA,0.9,NA,56,143,7.2,114,25,49,46,43,7.137,66.6,22.5,-7,14,14.6,45.13,Female Nonreproductive Subadult,Subadult,20/07/2017,0.67358209,117,11000,0,FEMALE < ADULT,FEMALE SUBADULT
DMR1031,Spleen,infected,1.0636,Young,Nonreproductive,Female,Rainy,1B7-DMR1031-S_S49,123183.1683,71044.13078,S_S49,NA,0.9,NA,56,143,7.2,114,25,49,46,43,7.137,66.6,22.5,-7,14,14.6,45.13,Female Nonreproductive Subadult,Subadult,20/07/2017,0.67358209,117,11000,0,FEMALE < ADULT,FEMALE SUBADULT
DMR1032,Liver,infected,0.0028,Young,Nonreproductive,Female,Rainy,1A5-DMR1032-L_S33,213921.4284,94560.13229,L_S33,NA,0.7,NA,50,142,4.4,109,23,61,<20,42,7.195,54.2,21,-7,17,14.3,39.12,Female Nonreproductive Subadult,Subadult,20/07/2017,0.583880597,1,36000,0,FEMALE < ADULT,FEMALE SUBADULT
DMR909,Liver,uninfected,0,Adult,Nonreproductive,Male,Dry,1H3-DMR909-L_S24,,,L_S24,,,,,,,,,,,,,,,,,,,Male Nonreproductive Adult,Adult,05/03/2017,,,,0,MALE ADULT ABDOMINAL,MALE ADULT ABDOMINAL
DMR910,Liver,infected,NA,Adult,Nonreproductive,Female,Dry,2D7-DMR910-L_S137,283574.2502,87671.20807,L_S137,4.9,1.8,16,50,162,>9,>140,17,90,26,59,7.04,55.5,15,-16,NA,20.1,59.1,Female Nonreproductive Adult,Adult,05/03/2017,0.791694575,NA,NA,0,FEMALE NONPREGNANT ADULT,FEMALE NONPREGNANT ADULT
DMR911,Liver,uninfected,0,Young,Nonreproductive,Male,Dry,1C9-DMR911-L_S66,,,L_S66,,,,,,,,,,,,,,,,,,,Male Nonreproductive Juvenile,Juvenile,,,,,0,MALE JUVENILE ABDOMINAL,MALE JUVENILE ABDOMINAL
DMR911,Spleen,uninfected,0,Young,Nonreproductive,Male,Dry,2F8-DMR911-S_S145,,,S_S145,,,,,,,,,,,,,,,,,,,Male Nonreproductive Juvenile,Juvenile,05/03/2017,,,,0,MALE JUVENILE ABDOMINAL,MALE JUVENILE ABDOMINAL
DMR912,Liver,infected,0.006,Adult,Nonreproductive,Male,Dry,1C7-DMR912-L_S50,,,L_S50,,,,,,,,,,,,,,,,,,,Male Nonreproductive Adult,Adult,05/03/2017,,,,0,MALE ADULT ABDOMINAL,MALE ADULT ABDOMINAL
DMR913,Liver,infected,0.00952381,Adult,Nonreproductive,Male,Dry,1H11-DMR913-L_S87,,,L_S87,,,,,,,,,,,,,,,,,,,Male Nonreproductive Adult,Adult,05/03/2017,,,,0,MALE ADULT ABDOMINAL,MALE ADULT ABDOMINAL
DMR913,Spleen,infected,0.00952381,Adult,Nonreproductive,Male,Dry,2F4-DMR913-S_S121,,,S_S121,,,,,,,,,,,,,,,,,,,Male Nonreproductive Adult,Adult,05/03/2017,,,,0,MALE ADULT ABDOMINAL,MALE ADULT ABDOMINAL
DMR914,Liver,infected,0.015,Young,Nonreproductive,Female,Dry,2A3-DMR914-L_S110,,,L_S110,,,,,,,,,,,,,,,,,,,Female Nonreproductive Juvenile,Juvenile,05/03/2017,,,,0,FEMALE JUVENILE NON PREGNANT,FEMALE JUVENILE NON PREGNANT
DMR915,Liver,infected,0.0182,Adult,Reproductive,Female,Dry,1A3-DMR915-L_S17,341852.5939,137120.1715,L_S17,5.1,1.7,16,50,160,8.3,132,18,59,<20,66,6.978,66.8,15.7,-16,21,22.4,75.31,Female Reproductive Adult,Adult,06/03/2017,NA,3,16500,0,FEMALE PREGNANT ADULT,FEMALE PREGNANT ADULT
DMR915,Spleen,infected,0.0182,Adult,Reproductive,Female,Dry,2B9-DMR915-S_S147,330704.1068,147059.3407,S_S147,5.1,1.7,16,50,160,8.3,132,18,59,<20,66,6.978,66.8,15.7,-16,21,22.4,75.31,Female Reproductive Adult,Adult,06/03/2017,NA,3,16500,0,FEMALE PREGNANT ADULT,FEMALE PREGNANT ADULT
DMR916,Spleen,infected,0,Young,Nonreproductive,Female,Dry,1G5-DMR916-S_S39,346462.2369,139706.4426,S_S39,4.7,1.3,19,50,169,7.9,135,23,89,25,53,7.098,67.7,20.9,-9,13,18,46.45,Female Nonreproductive Subadult,Subadult,06/03/2017,0.668249173,0,15000,0,FEMALE < ADULT,FEMALE SUBADULT
DMR917,Liver,infected,0.444444444,Adult,Nonreproductive,Male,Dry,2A8-DMR917-L_S140,,,L_S140,,,,,,,,,,,,,,,,,,,Male Nonreproductive Adult,Adult,06/03/2017,,,,0,MALE ADULT ABDOMINAL,MALE ADULT ABDOMINAL
DMR917,Spleen,infected,0.444444444,Adult,Nonreproductive,Male,Dry,2E10-DMR917-S_S156,,,S_S156,,,,,,,,,,,,,,,,,,,Male Nonreproductive Adult,Adult,06/03/2017,,,,0,MALE ADULT ABDOMINAL,MALE ADULT ABDOMINAL
DMR918,Liver,infected,0,Young,Nonreproductive,Male,Dry,2C12-DMR918-L_S166,285449.915,99812.62931,L_S166,4.5,1.7,16,50,166,7.4,NA,21,>140,22,56,7.084,63.3,18.9,-11,NA,19,49.59,Male Nonreproductive Juvenile,Juvenile,06/03/2017,0.725530358,0,17100,1,MALE JUVENILE (MASS < 55),MALE JUVENILE
DMR918,Spleen,infected,0,Young,Nonreproductive,Male,Dry,1C2-DMR918-S_S11,478969.8634,198196.4259,S_S11,4.5,1.7,16,50,166,7.4,NA,21,>140,22,56,7.084,63.3,18.9,-11,NA,19,49.59,Male Nonreproductive Juvenile,Juvenile,06/03/2017,0.725530358,0,17100,1,MALE JUVENILE (MASS < 55),MALE JUVENILE
DMR919,Liver,uninfected,0,Young,Nonreproductive,Male,Dry,1F10-DMR919-L_S77,341298.7499,178536.0284,L_S77,4.3,1.8,<15,50,164,6.9,>140,19,88,26,54,7.171,49.2,18,-11,NA,18.4,50.26,Male Nonreproductive Juvenile,Juvenile,06/03/2017,0.736626118,0,20250,0,MALE JUVENILE (MASS < 55),MALE JUVENILE
DMR919,Spleen,uninfected,0,Young,Nonreproductive,Male,Dry,1F1-DMR919-S_S6,353764.7222,161276.9084,S_S6,4.3,1.8,<15,50,164,6.9,>140,19,88,26,54,7.171,49.2,18,-11,NA,18.4,50.26,Male Nonreproductive Juvenile,Juvenile,06/03/2017,0.736626118,0,20250,0,MALE JUVENILE (MASS < 55),MALE JUVENILE
DMR920,Liver,infected,0,Young,Nonreproductive,Male,Dry,2D5-DMR920-L_S125,582609.8701,131435.8903,L_S125,4.8,1.4,<15,53,166,6.7,137,23,114,<20,55,7.137,63.5,21.5,-8,14,18.7,48.18,Male Nonreproductive Juvenile,Juvenile,06/03/2017,0.688482424,0,19800,0,MALE JUVENILE (MASS < 55),MALE JUVENILE
DMR921,Liver,infected,0.0057,Adult,Reproductive,Male,Dry,1F2-DMR921-L_S14,359325.8561,119836.7573,L_S14,5.2,1.8,<15,50,159,8.3,130,20,93,<20,57,7.116,55.9,18,-11,20,19.4,79.6,Male Reproductive Adult,Adult,06/03/2017,1.059637913,1,17500,0,MALE SCROTAL ADULT,MALE SCROTAL ADULT
DMR922,Liver,uninfected,0,Young,Nonreproductive,Female,Dry,2G1-DMR922-L_S102,424359.6574,157195.7708,L_S102,5.2,1.1,17,50,162,7.6,139,21,79,<20,56,7.116,58.6,18.9,-11,12,19,42.93,Female Nonreproductive Subadult,Subadult,07/03/2017,0.594186851,0,15750,0,FEMALE < ADULT,FEMALE SUBADULT
DMR923,Liver,infected,0,Adult,Reproductive,Female,Dry,1E11-DMR923-L_S84,654146.5047,143386.7496,L_S84,4.6,1.6,17,58,155,6.9,132,17,61,39,58,7.58,43.4,15.4,-13,14,19.7,68.2,Female Reproductive Adult,Adult,07/03/2017,0.949067632,0,16500,0,FEMALE PREGNANT ADULT,FEMALE PREGNANT ADULT
DMR923,Spleen,infected,0,Adult,Reproductive,Female,Dry,2F7-DMR923-S_S139,320657.0998,141349.1212,S_S139,4.6,1.6,17,58,155,6.9,132,17,61,39,58,7.58,43.4,15.4,-13,14,19.7,68.2,Female Reproductive Adult,Adult,07/03/2017,0.949067632,0,16500,0,FEMALE PREGNANT ADULT,FEMALE PREGNANT ADULT
DMR926,Liver,infected,0.0029,Adult,Reproductive,Female,Dry,1C6-DMR926-L_S43,197886.5361,72675.50249,L_S43,5,1.6,18,50,159,>9,136,16,76,31,65,7.011,56.9,14.4,-17,NA,22.1,71.71,Female Reproductive Adult,Adult,07/03/2017,0.986653825,1,34000,0,FEMALE PREGNANT ADULT,FEMALE PREGNANT ADULT
DMR927,Liver,infected,0.0111,Adult,Reproductive,Female,Dry,1A8-DMR927-L_S56,130412.6203,61827.81283,L_S56,5.8,1.2,<15,82,147,>9,135,18,63,123,51,6.967,70.2,16.1,-16,NA,17.3,69.52,Female Reproductive Adult,Adult,07/03/2017,0.962747542,2,18000,0,FEMALE PREGNANT ADULT,FEMALE PREGNANT ADULT
DMR928,Liver,infected,0,Young,Nonreproductive,Female,Dry,1D2-DMR928-L_S12,334997.0613,144434.4241,L_S12,4.7,1.1,17,50,163,>9,139,23,87,<20,56,7.122,65.5,21.4,-8,NA,19,49.39,Female Nonreproductive Subadult,Subadult,07/03/2017,0.69602593,0,16000,0,FEMALE < ADULT,FEMALE SUBADULT
DMR928,Spleen,infected,0,Young,Nonreproductive,Female,Dry,1C10-DMR928-S_S74,547637.4707,174034.8473,S_S74,4.7,1.1,17,50,163,>9,139,23,87,<20,56,7.122,65.5,21.4,-8,NA,19,49.39,Female Nonreproductive Subadult,Subadult,07/03/2017,0.69602593,0,16000,0,FEMALE < ADULT,FEMALE SUBADULT
DMR929,Liver,uninfected,0,Young,Nonreproductive,Female,Dry,1A10-DMR929-L_S72,156652.1525,88562.41271,L_S72,4.5,1.3,16,51,165,5.6,139,21,68,42,54,7.146,55.3,19,-10,13,18.4,45.07,Female Nonreproductive Subadult,Subadult,07/03/2017,0.66133529,0,29575,0,FEMALE < ADULT,FEMALE SUBADULT
DMR929,Spleen,uninfected,0,Young,Nonreproductive,Female,Dry,1H10-DMR929-S_S79,248317.4584,134732.6285,S_S79,4.5,1.3,16,51,165,5.6,139,21,68,42,54,7.146,55.3,19,-10,13,18.4,45.07,Female Nonreproductive Subadult,Subadult,07/03/2017,0.66133529,0,29575,0,FEMALE < ADULT,FEMALE SUBADULT
DMR930,Liver,infected,0.0704,Young,Nonreproductive,Male,Dry,1D3-DMR930-L_S20,783969.3159,327204.2079,L_S20,5.2,0.8,17,50,159,6.3,132,23,64,<20,58,7.092,67.4,2.6,-9,12,19.7,68.34,Male Nonreproductive Subadult,Subadult,08/03/2017,0.888109162,10,14200,0,MALE YOUNG/SUBADULT,MALE SUBADULT
DMR930,Spleen,infected,0.0704,Young,Nonreproductive,Male,Dry,2E11-DMR930-S_S162,567333.8954,232175.8624,S_S162,5.2,0.8,17,50,159,6.3,132,23,64,<20,58,7.092,67.4,2.6,-9,12,19.7,68.34,Male Nonreproductive Subadult,Subadult,08/03/2017,0.888109162,10,14200,0,MALE YOUNG/SUBADULT,MALE SUBADULT
DMR931,Liver,infected,0.2857,Adult,Reproductive,Male,Dry,1G2-DMR931-L_S15,369036.8458,172339.8078,L_S15,5.1,1.4,17,50,163,6.1,135,19,77,<20,59,7.072,58.8,17.1,-13,7,20.1,73.64,Male Reproductive Adult,Adult,08/03/2017,0.989120215,40,14000,0,MALE SCROTAL ADULT,MALE SCROTAL ADULT
DMR932,Liver,infected,0,Young,Nonreproductive,Male,Dry,2D8-DMR932-L_S143,350143.2698,107009.6037,L_S143,5.3,1.4,15,50,161,6.2,136,20,53,71,51,7.142,53.6,18.3,-11,13,17.3,62.56,Male Nonreproductive Subadult,Subadult,08/03/2017,0.85,0,28000,0,MALE YOUNG/SUBADULT,MALE SUBADULT
DMR932,Spleen,infected,0,Young,Nonreproductive,Male,Dry,2B1-DMR932-S_S97,416128.8048,174153.6882,S_S97,5.3,1.4,15,50,161,6.2,136,20,53,71,51,7.142,53.6,18.3,-11,13,17.3,62.56,Male Nonreproductive Subadult,Subadult,08/03/2017,0.85,0,28000,0,MALE YOUNG/SUBADULT,MALE SUBADULT
DMR934,Liver,uninfected,0,Young,Nonreproductive,Male,Dry,1D7-DMR934-L_S51,239260.1114,95117.61168,L_S51,4.7,1.5,16,59,163,8.6,139,19,77,<20,59,7.112,55.9,17.8,-12,16,20.1,49.18,Male Nonreproductive Juvenile,Juvenile,08/03/2017,0.696403285,0,24150,1,MALE JUVENILE (MASS < 55),MALE JUVENILE
DMR934,Spleen,uninfected,0,Young,Nonreproductive,Male,Dry,2D4-DMR934-S_S119,540533.5086,186704.5687,S_S119,4.7,1.5,16,59,163,8.6,139,19,77,<20,59,7.112,55.9,17.8,-12,16,20.1,49.18,Male Nonreproductive Juvenile,Juvenile,08/03/2017,0.696403285,0,24150,1,MALE JUVENILE (MASS < 55),MALE JUVENILE
DMR935,Liver,infected,0.0093,Young,Nonreproductive,Male,Dry,1E12-DMR935-L_S92,524471.6773,190157.3992,L_S92,4.9,1.5,<15,50,114,6,>140,38,73,43,43,7.431,54.6,36.3,-12,NA,14.6,65.5,Male Nonreproductive Subadult,Subadult,08/03/2017,0.862977602,2,21450,0,MALE YOUNG/SUBADULT,MALE SUBADULT
DMR935,Spleen,infected,0.0093,Young,Nonreproductive,Male,Dry,2C4-DMR935-S_S118,436479.3069,176502.2419,S_S118,4.9,1.5,<15,50,114,6,>140,38,73,43,43,7.431,54.6,36.3,-12,NA,14.6,65.5,Male Nonreproductive Subadult,Subadult,08/03/2017,0.862977602,2,21450,0,MALE YOUNG/SUBADULT,MALE SUBADULT
DMR936,Liver,infected,0.0575,Adult,Reproductive,Male,Dry,1B10-DMR936-L_S73,248957.5923,146583.4492,L_S73,5,0.4,16,50,166,>9,>140,19,74,<20,62,7.06,55.8,16.9,-13,NA,21.1,69.66,Male Reproductive Adult,Adult,08/03/2017,0.917786561,9,15660,0,MALE SCROTAL ADULT,MALE SCROTAL ADULT
DMR937,Liver,uninfected,0,Young,Nonreproductive,Female,Dry,1F12-DMR937-L_S93,250785.1394,106105.5622,L_S93,4.3,1.4,<15,50,156,>9,>140,18,98,26,56,7.153,48.5,17,-12,NA,19,43.56,Female Nonreproductive Subadult,Subadult,08/03/2017,0.636283961,0,22500,0,FEMALE < ADULT,FEMALE SUBADULT
DMR937,Spleen,uninfected,0,Young,Nonreproductive,Female,Dry,2F1-DMR937-S_S101,962760.091,260893.7596,S_S101,4.3,1.4,<15,50,156,>9,>140,18,98,26,56,7.153,48.5,17,-12,NA,19,43.56,Female Nonreproductive Subadult,Subadult,08/03/2017,0.636283961,0,22500,0,FEMALE < ADULT,FEMALE SUBADULT
DMR938,Liver,infected,0.0072,Young,Nonreproductive,Male,Dry,1D8-DMR938-L_S59,352673.6803,92618.2195,L_S59,5,1.8,15,50,163,6.6,140,21,65,27,53,7.158,54.6,19.4,-9,11,18,50.4,Male Nonreproductive Subadult,Subadult,08/03/2017,0.653866113,2,27600,0,MALE YOUNG/SUBADULT (BUT NEED TO CHECK SPECIMEN; very large forearm; low weight; may be sickly adult male),MALE SUBADULT
DMR939,Liver,infected,0.0181,Young,Nonreproductive,Male,Dry,1E3-DMR939-L_S21,389782.5658,159724.6814,L_S21,4.9,1.7,<15,50,166,8.8,>140,22,82,33,57,7.153,57.8,20.2,-9,NA,19.4,49.37,Male Nonreproductive Juvenile,Juvenile,08/03/2017,0.687125957,5,27600,0,MALE JUVENILE (MASS < 55),MALE JUVENILE
DMR939,Spleen,infected,0.0181,Young,Nonreproductive,Male,Dry,2D12-DMR939-S_S167,374400.6654,144557.344,S_S167,4.9,1.7,<15,50,166,8.8,>140,22,82,33,57,7.153,57.8,20.2,-9,NA,19.4,49.37,Male Nonreproductive Juvenile,Juvenile,08/03/2017,0.687125957,5,27600,0,MALE JUVENILE (MASS < 55),MALE JUVENILE
DMR940,Liver,infected,0.0357,Adult,Reproductive,Male,Dry,1H7-DMR940-L_S55,152312.836,72256.08935,L_S55,4.8,0.2,<15,50,163,0.6,>140,13,77,32,60,7.05,43.8,12.1,-18,NA,20.4,75.87,Male Reproductive Adult,Adult,08/03/2017,1.018115942,5,14025,0,MALE SCROTAL ADULT,MALE SCROTAL ADULT
DMR940,Spleen,infected,0.0357,Adult,Reproductive,Male,Dry,2E7-DMR940-S_S138,368749.3789,110241.649,S_S138,4.8,0.2,<15,50,163,0.6,>140,13,77,32,60,7.05,43.8,12.1,-18,NA,20.4,75.87,Male Reproductive Adult,Adult,08/03/2017,1.018115942,5,14025,0,MALE SCROTAL ADULT,MALE SCROTAL ADULT
DMR941,Liver,infected,0.0066,Young,Nonreproductive,Male,Dry,2C3-DMR941-L_S112,924810.7374,246777.826,L_S112,4.5,1.2,18,50,152,5.6,122,25,70,43,51,7.099,75,23.2,-6,12,17.3,52.51,Male Nonreproductive Juvenile,Juvenile,09/03/2017,0.739785855,1,15250,0,MALE JUVENILE (MASS < 55),MALE JUVENILE
DMR941,Spleen,infected,0.0066,Young,Nonreproductive,Male,Dry,2E12-DMR941-S_S168,538140.2408,199186.592,S_S168,4.5,1.2,18,50,152,5.6,122,25,70,43,51,7.099,75,23.2,-6,12,17.3,52.51,Male Nonreproductive Juvenile,Juvenile,09/03/2017,0.739785855,1,15250,0,MALE JUVENILE (MASS < 55),MALE JUVENILE
DMR942,Liver,infected,0.0289,Adult,Reproductive,Female,Dry,1D9-DMR942-L_S67,522739.3513,128920.6903,L_S67,4.9,1.5,19,50,151,5.8,115,18,41,38,56,7.078,56.1,16.5,-13,25,19,75,Female Reproductive Adult,Adult,09/03/2017,1.026834611,7,24225,0,FEMALE PREGNANT ADULT,FEMALE PREGNANT ADULT
DMR944,Liver,infected,0.0087,Adult,Reproductive,Male,Dry,1B6-DMR944-L_S42,272131.4579,71400.82263,L_S42,5.2,1.4,17,50,153,5.8,126,20,47,<20,51,7.082,60.5,18,-12,15,17.3,72.59,Male Reproductive Adult,Adult,09/03/2017,0.953625854,2,22960,0,MALE SCROTAL ADULT,MALE SCROTAL ADULT
DMR945,Liver,infected,0.0892,Adult,Reproductive,Male,Dry,1E1-DMR945-L_S5,575570.3048,243163.1264,L_S5,5.3,1.6,16,73,147,>9,124,18,85,31,59,7.039,59.3,16,-15,NA,20.1,73.38,Male Reproductive Adult,Adult,09/03/2017,0.952492212,13,14575,0,MALE SCROTAL ADULT,MALE SCROTAL ADULT
DMR946,Liver,infected,0.2481,Adult,Reproductive,Male,Dry,1D12-DMR946-L_S91,321887.9733,127067.0207,L_S91,4.8,1.6,17,50,151,5.5,123,19,63,73,48,7.187,46.8,17.7,-11,16,16.3,74.92,Male Reproductive Adult,Adult,09/03/2017,0.992317881,32,12900,0,MALE SCROTAL ADULT,MALE SCROTAL ADULT
DMR946,Spleen,infected,0.2481,Adult,Reproductive,Male,Dry,2F3-DMR946-S_S115,1014609.081,307764.0074,S_S115,4.8,1.6,17,50,151,5.5,123,19,63,73,48,7.187,46.8,17.7,-11,16,16.3,74.92,Male Reproductive Adult,Adult,09/03/2017,0.992317881,32,12900,0,MALE SCROTAL ADULT,MALE SCROTAL ADULT
DMR947,Liver,infected,0,Young,Nonreproductive,Male,Dry,1B8-DMR947-L_S57,176449.6039,92297.93093,L_S57,4.5,1.4,<15,50,151,6.7,126,19,77,21,52,7.124,53.8,17.6,-12,14,17.7,69.08,Male Nonreproductive Subadult,Subadult,09/03/2017,0.890320918,0,20640,0,MALE YOUNG/SUBADULT,MALE SUBADULT
DMR948,Liver,infected,0.2118,Young,Nonreproductive,Male,Dry,1F4-DMR948-L_S30,1500129.864,480825.4061,L_S30,5,1.6,<15,50,145,7,119,22,82,36,48,7.227,50.4,20.9,-7,11,16.3,69.01,Male Nonreproductive Subadult,Subadult,09/03/2017,0.900208714,27,12750,0,MALE YOUNG/SUBADULT,MALE SUBADULT
DMR949,Liver,infected,0,Young,Nonreproductive,Male,Dry,1H9-DMR949-L_S71,791114.0259,450790.7146,L_S71,5.1,1.3,16,50,152,6.6,128,21,81,31,52,7.101,62.8,19.6,-10,11,17.7,76.99,Male Nonreproductive Subadult,Subadult,09/03/2017,1.00904325,0,25000,0,MALE SUBADULT; SM EPAULETTES (BUT NEED TO CHECK SPECIMEN; SEE NOTES),MALE SUBADULT
DMR949,Spleen,infected,0,Young,Nonreproductive,Male,Dry,2A4-DMR949-S_S116,255001.9929,104429.2565,S_S116,5.1,1.3,16,50,152,6.6,128,21,81,31,52,7.101,62.8,19.6,-10,11,17.7,76.99,Male Nonreproductive Subadult,Subadult,09/03/2017,1.00904325,0,25000,0,MALE SUBADULT; SM EPAULETTES (BUT NEED TO CHECK SPECIMEN; SEE NOTES),MALE SUBADULT
DMR950,Liver,infected,0.0051,Young,Nonreproductive,Male,Dry,2B7-DMR950-L_S135,203317.8374,72140.61382,L_S135,4.8,0.7,15,72,163,8.7,137,23,4,<20,56,7.093,67.4,20.6,-9,14,19,48.75,Male Nonreproductive Juvenile,Juvenile,09/03/2017,0.706214689,1,19500,0,MALE JUVENILE (MASS < 55),MALE JUVENILE
DMR950,Spleen,infected,0.0051,Young,Nonreproductive,Male,Dry,1D11-DMR950-S_S83,654547.7568,164629.8977,S_S83,4.8,0.7,15,72,163,8.7,137,23,4,<20,56,7.093,67.4,20.6,-9,14,19,48.75,Male Nonreproductive Juvenile,Juvenile,09/03/2017,0.706214689,1,19500,0,MALE JUVENILE (MASS < 55),MALE JUVENILE
DMR951,Liver,infected,0,Young,Nonreproductive,Male,Dry,2C2-DMR951-L_S105,2071088.938,716409.127,L_S105,4.9,1.6,16,50,147,7.9,128,22,72,22,54,7.162,56.6,20.3,-8,NA,18.4,46.37,Male Nonreproductive Juvenile,Juvenile,09/03/2017,0.68757414,0,22500,0,MALE JUVENILE (MASS < 55),MALE JUVENILE
DMR951,Spleen,infected,0,Young,Nonreproductive,Male,Dry,2E2-DMR951-S_S107,588373.9324,196415.289,S_S107,4.9,1.6,16,50,147,7.9,128,22,72,22,54,7.162,56.6,20.3,-8,NA,18.4,46.37,Male Nonreproductive Juvenile,Juvenile,09/03/2017,0.68757414,0,22500,0,MALE JUVENILE (MASS < 55),MALE JUVENILE
DMR952,Liver,infected,0.0847,Young,Nonreproductive,Male,Dry,2F12-DMR952-L_S169,419137.8903,198311.2941,L_S169,4.7,1.9,<15,50,149,6.3,119,24,87,59,49,7.207,56.5,22.4,-5,13,15.7,51.63,Male Nonreproductive Juvenile,Juvenile,09/03/2017,0.749238137,18,21250,0,MALE JUVENILE (MASS < 55),MALE JUVENILE
DMR953,Liver,infected,0.0094,Young,Nonreproductive,Female,Dry,1E5-DMR953-L_S37,453530.8841,90598.61284,L_S37,4.7,2,16,50,154,6.2,126,22,89,62,50,7.13,60.5,20.1,-9,14,17,48.7,Female Nonreproductive Subadult,Subadult,09/03/2017,0.674048443,2,21250,0,FEMALE < ADULT,FEMALE SUBADULT
DMR954,Liver,infected,0.0213,Adult,Reproductive,Female,Dry,1A1-DMR954-L_S1,213664.4437,100188.4456,L_S1,5.4,1.4,18,50,142,8,122,21,51,29,58,7.062,68.1,19.4,-11,9,19.7,72.55,Female Reproductive Adult,Adult,10/03/2017,0.99166211,4,18750,0,FEMALE PREGNANT ADULT,FEMALE PREGNANT ADULT
DMR954,Spleen,infected,0.0213,Adult,Reproductive,Female,Dry,2D11-DMR954-S_S161,388863.5905,188811.9538,S_S161,5.4,1.4,18,50,142,8,122,21,51,29,58,7.062,68.1,19.4,-11,9,19.7,72.55,Female Reproductive Adult,Adult,10/03/2017,0.99166211,4,18750,0,FEMALE PREGNANT ADULT,FEMALE PREGNANT ADULT
DMR955,Liver,infected,0.0048,Adult,Nonreproductive,Female,Dry,1A11-DMR955-L_S80,311709.5576,138542.7609,L_S80,4.8,1,17,50,154,5.9,130,21,65,30,50,7.191,49.8,19.1,-9,10,17,62.08,Female Nonreproductive Adult,Adult,10/03/2017,0.820512821,1,21000,0,FEMALE NONPREGNANT ADULT,FEMALE NONPREGNANT ADULT
DMR955,Spleen,infected,0.0048,Adult,Nonreproductive,Female,Dry,2D2-DMR955-S_S106,518699.7516,184019.1288,S_S106,4.8,1,17,50,154,5.9,130,21,65,30,50,7.191,49.8,19.1,-9,10,17,62.08,Female Nonreproductive Adult,Adult,10/03/2017,0.820512821,1,21000,0,FEMALE NONPREGNANT ADULT,FEMALE NONPREGNANT ADULT
DMR956,Liver,infected,0,Adult,Reproductive,Female,Dry,1H4-DMR956-L_S32,482806.0298,152211.8276,L_S32,4.7,1.6,17,50,148,8.1,126,21,66,25,60,7.038,71.7,19.3,-11,11,20.4,68.3,Female Reproductive Adult,Adult,10/03/2017,0.92085749,0,36000,0,FEMALE PREGNANT ADULT,FEMALE PREGNANT ADULT
DMR957,Liver,infected,0.006,Adult,Nonreproductive,Female,Dry,1A9-DMR957-L_S64,153759.0786,78080.16401,L_S64,4.8,1.3,18,50,154,7.4,133,18,57,89,51,7.216,41.5,16.8,-11,12,17.3,58.54,Female Nonreproductive Adult,Adult,10/03/2017,0.811027986,1,16775,0,FEMALE NONPREGNANT ADULT,FEMALE NONPREGNANT ADULT
DMR957,Spleen,infected,0.006,Adult,Nonreproductive,Female,Dry,1G12-DMR957-S_S94,449841.6549,195995.5323,S_S94,4.8,1.3,18,50,154,7.4,133,18,57,89,51,7.216,41.5,16.8,-11,12,17.3,58.54,Female Nonreproductive Adult,Adult,10/03/2017,0.811027986,1,16775,0,FEMALE NONPREGNANT ADULT,FEMALE NONPREGNANT ADULT
DMR958,Liver,uninfected,0,Adult,Reproductive,Male,Dry,1G4-DMR958-L_S31,427092.8652,164021.1524,L_S31,5.6,1.5,16,50,159,7.8,138,20,79,<20,59,7.051,66.3,18.4,-12,10,20.1,74.88,Male Reproductive Adult,Adult,10/03/2017,0.999466097,0,27500,0,MALE SCROTAL ADULT,MALE SCROTAL ADULT
DMR958,Spleen,uninfected,0,Adult,Reproductive,Male,Dry,1E9-DMR958-S_S68,416824.147,189969.041,S_S68,5.6,1.5,16,50,159,7.8,138,20,79,<20,59,7.051,66.3,18.4,-12,10,20.1,74.88,Male Reproductive Adult,Adult,10/03/2017,0.999466097,0,27500,0,MALE SCROTAL ADULT,MALE SCROTAL ADULT
DMR959,Liver,infected,0.0066,Adult,Nonreproductive,Female,Dry,2C10-DMR959-L_S154,868978.204,282782.8476,L_S154,4.9,1.5,16,50,151,5.9,127,21,67,24,54,7.105,61.8,19.4,-10,10,18.4,63.29,Female Nonreproductive Adult,Adult,10/03/2017,0.831668857,1,15250,0,FEMALE NONPREGNANT ADULT,FEMALE NONPREGNANT ADULT
DMR960,Liver,infected,0.0053,Adult,Reproductive,Male,Dry,1G7-DMR960-L_S54,230112.8188,84664.63891,L_S54,4.7,1.8,18,50,160,6.2,137,21,68,<20,53,7.041,70.8,19.2,-11,10,18,79.34,Male Reproductive Adult,Adult,10/03/2017,1.021106821,1,19000,0,MALE SCROTAL ADULT,MALE SCROTAL ADULT
DMR961,Spleen,uninfected,0,Young,Nonreproductive,Male,Dry,2F6-DMR961-S_S133,551210.0588,134807.8306,S_S133,4.5,1.4,15,50,158,>9,135,25,96,28,59,7.115,70.2,22.6,-7,NA,20.1,47.18,Male Nonreproductive Juvenile,Juvenile,10/03/2017,0.667988107,0,42700,0,MALE JUVENILE (MASS < 55),MALE JUVENILE
DMR962,Liver,infected,0.0833,Adult,Reproductive,Female,Dry,2E8-DMR962-L_S144,252451.6058,90783.8746,L_S144,5.1,1.2,15,50,151,8.4,125,23,64,55,56,7.085,73.6,20.8,-10,13,19,83.36,Female Reproductive Adult,Adult,10/03/2017,1.070227244,10,12000,0,FEMALE PREGNANT ADULT,FEMALE PREGNANT ADULT
DMR962,Spleen,infected,0.0833,Adult,Reproductive,Female,Dry,1F11-DMR962-S_S85,510112.0901,218044.1693,S_S85,5.1,1.2,15,50,151,8.4,125,23,64,55,56,7.085,73.6,20.8,-10,13,19,83.36,Female Reproductive Adult,Adult,10/03/2017,1.070227244,10,12000,0,FEMALE PREGNANT ADULT,FEMALE PREGNANT ADULT
DMR963,Spleen,infected,0.0075,Adult,Reproductive,Male,Dry,2A7-DMR963-S_S134,278738.6243,115537.0855,S_S134,4.9,1.6,<15,50,163,7.2,134,19,82,25,59,7.065,61.5,17.6,-13,18,20.1,74.02,Male Reproductive Adult,Adult,10/03/2017,0.961298701,1,13300,0,MALE SCROTAL ADULT,MALE SCROTAL ADULT
DMR964,Liver,infected,0.0273,Young,Nonreproductive,Female,Dry,2E1-DMR964-L_S100,523865.6236,141275.2984,L_S100,5.1,1.6,16,50,164,7.5,138,19,116,25,61,7.03,63.3,16.7,-14,16,20.7,55.79,Female Nonreproductive Subadult,Subadult,10/03/2017,0.752393796,3,11000,0,FEMALE < ADULT,FEMALE SUBADULT
DMR965,Liver,infected,0,Adult,Reproductive,Female,Dry,2G2-DMR965-L_S109,321667.347,150286.715,L_S109,5.3,1.4,16,50,141,8.2,119,20,61,50,56,7.086,61.2,18.4,-11,12,19,76.96,Female Reproductive Adult,Adult,11/03/2017,0.995730366,0,11475,0,FEMALE PREGNANT ADULT,FEMALE PREGNANT ADULT
DMR966,Liver,infected,0.0036,Adult,Nonreproductive,Female,Dry,1G6-DMR966-L_S47,268321.7114,101709.5238,L_S47,4.8,1.3,16,50,153,5.9,126,20,76,27,56,7.157,52,18.4,-10,14,19,61.45,Female Nonreproductive Adult,Adult,11/03/2017,0.808446257,1,28050,0,FEMALE NONPREGNANT ADULT,FEMALE NONPREGNANT ADULT
DMR968,Liver,infected,0.011,Adult,Reproductive,Female,Dry,1C8-DMR968-L_S58,282937.6484,113908.3154,L_S58,4.5,2.3,18,50,149,>9,124,18,59,26,53,7.103,51.9,16.2,-13,NA,18,70.93,Female Reproductive Adult,Adult,11/03/2017,0.98650904,2,18200,0,FEMALE PREGNANT ADULT,FEMALE PREGNANT ADULT
DMR969,Liver,infected,0.2409,Young,Nonreproductive,Male,Dry,1C5-DMR969-L_S35,297977.2099,94600.7729,L_S35,NA,1.4,<15,50,162,5.7,136,22,71,26,57,7.102,63.3,19.8,-10,12,19.4,62.8,Male Nonreproductive Subadult,Subadult,11/03/2017,0.819308545,56,23250,0,MALE YOUNG/SUBADULT,MALE SUBADULT
DMR970,Liver,uninfected,0,Young,Nonreproductive,Female,Dry,2C7-DMR970-L_S136,364463.4399,127801.7335,L_S136,4.8,1.4,<15,50,155,7.6,128,22,86,25,59,7.025,75.2,19.6,-11,14,20.1,47.45,Female Nonreproductive Subadult,Subadult,11/03/2017,0.669441309,0,23000,0,FEMALE < ADULT,FEMALE SUBADULT
DMR970,Spleen,uninfected,0,Young,Nonreproductive,Female,Dry,1C11-DMR970-S_S82,601103.0275,170586.9341,S_S82,4.8,1.4,<15,50,155,7.6,128,22,86,25,59,7.025,75.2,19.6,-11,14,20.1,47.45,Female Nonreproductive Subadult,Subadult,11/03/2017,0.669441309,0,23000,0,FEMALE < ADULT,FEMALE SUBADULT
DMR970,Spleen,uninfected,0,Young,Nonreproductive,Female,Dry,1E2-DMR970-S_S13,,,S_S13,,,,,,,,,,,,,,,,,,,Female Nonreproductive Juvenile,Juvenile,11/03/2017,,,,0,FEMALE JUVENILE NON PREGNANT,FEMALE JUVENILE NON PREGNANT
DMR971,Liver,uninfected,0,Young,Nonreproductive,Male,Dry,2C5-DMR971-L_S124,440474.2258,104072.136,L_S124,NA,1.4,<15,50,153,>9,131,23,83,<20,53,7.108,67.2,21.5,-8,NA,18,58.83,Male Nonreproductive Subadult,Subadult,11/03/2017,0.79586039,0,19250,0,MALE YOUNG/SUBADULT,MALE SUBADULT
DMR972,Liver,infected,0.0057,Young,Nonreproductive,Female,Dry,2A1-DMR972-L_S96,449946.993,168935.4758,L_S96,5.1,1.5,16,50,158,>9,139,20,81,<20,59,7.129,55.2,18.3,-11,NA,20.1,40.44,Female Nonreproductive Subadult,Subadult,11/03/2017,0.592353889,1,17500,0,FEMALE < ADULT,FEMALE SUBADULT
DMR973,Liver,uninfected,0,Young,Nonreproductive,Female,Dry,1A6-DMR973-L_S41,202575.2066,77812.49563,L_S41,4.4,1.7,<15,50,173,>9,130,20,125,<20,60,7.113,5.9,17.9,-12,NA,20.4,38.72,Female Nonreproductive Subadult,Subadult,11/03/2017,0.588807786,0,11200,0,FEMALE < ADULT,FEMALE SUBADULT
DMR973,Spleen,uninfected,0,Young,Nonreproductive,Female,Dry,2B8-DMR973-S_S141,360979.2833,139310.9006,S_S141,4.4,1.7,<15,50,173,>9,130,20,125,<20,60,7.113,5.9,17.9,-12,NA,20.4,38.72,Female Nonreproductive Subadult,Subadult,11/03/2017,0.588807786,0,11200,0,FEMALE < ADULT,FEMALE SUBADULT
DMR974,Liver,infected,0.093,Young,Nonreproductive,Male,Dry,2B5-DMR974-L_S123,646510.6302,145379.2558,L_S123,NA,1.9,<15,50,147,7.7,121,24,43,66,51,7.17,60.1,21.9,-7,12,17.3,67.89,Male Nonreproductive Subadult,Subadult,11/03/2017,0.910175627,7,7525,0,MALE YOUNG/SUBADULT,MALE SUBADULT
DMR974,Spleen,infected,0.093,Young,Nonreproductive,Male,Dry,1G1-DMR974-S_S7,364117.8505,162058.5987,S_S7,NA,1.9,<15,50,147,7.7,121,24,43,66,51,7.17,60.1,21.9,-7,12,17.3,67.89,Male Nonreproductive Subadult,Subadult,11/03/2017,0.910175627,7,7525,0,MALE YOUNG/SUBADULT,MALE SUBADULT
DMR975,Liver,uninfected,0,Young,Nonreproductive,Female,Dry,2A5-DMR975-L_S122,734533.6707,168906.1484,L_S122,4.8,2.6,<15,50,157,>9,139,17,92,24,54,7.121,48.7,15.9,-13,NA,18.4,43.64,Female Nonreproductive Subadult,Subadult,11/03/2017,0.635966191,0,13750,0,FEMALE < ADULT,FEMALE SUBADULT
DMR975,Spleen,uninfected,0,Young,Nonreproductive,Female,Dry,1H1-DMR975-S_S8,387618.7514,159866.688,S_S8,4.8,2.6,<15,50,157,>9,139,17,92,24,54,7.121,48.7,15.9,-13,NA,18.4,43.64,Female Nonreproductive Subadult,Subadult,11/03/2017,0.635966191,0,13750,0,FEMALE < ADULT,FEMALE SUBADULT
DMR976,Liver,infected,0.1212,Adult,Nonreproductive,Female,Dry,2F2-DMR976-L_S108,548967.2536,199876.7802,L_S108,5.3,2.1,<15,50,162,6.4,132,21,107,<20,63,7.157,50.6,17.9,-11,18,21.4,58,Female Nonreproductive Adult,Adult,11/03/2017,0.760356581,17,14025,0,FEMALE NONPREGNANT ADULT,FEMALE NONPREGNANT ADULT
DMR976,Spleen,infected,0.1212,Adult,Nonreproductive,Female,Dry,2B12-DMR976-S_S165,318039.2698,149988.4779,S_S165,5.3,2.1,<15,50,162,6.4,132,21,107,<20,63,7.157,50.6,17.9,-11,18,21.4,58,Female Nonreproductive Adult,Adult,11/03/2017,0.760356581,17,14025,0,FEMALE NONPREGNANT ADULT,FEMALE NONPREGNANT ADULT
DMR978,Liver,infected,1.7921,Young,Nonreproductive,Female,Rainy,1D10-DMR978-L_S75,909150.4901,289933.3103,L_S75,4.6,1,17,50,142,5.4,110,22,44,<20,52,7.125,61.1,20.1,-9,18,17.7,43.92,Female Nonreproductive Subadult,Subadult,14/07/2017,0.635232861,125,6975,0,FEMALE < ADULT,FEMALE SUBADULT
DMR978,Spleen,infected,1.7921,Young,Nonreproductive,Female,Rainy,1B12-DMR978-S_S89,224487.1413,109078.424,S_S89,4.6,1,17,50,142,5.4,110,22,44,<20,52,7.125,61.1,20.1,-9,18,17.7,43.92,Female Nonreproductive Subadult,Subadult,14/07/2017,0.635232861,125,6975,0,FEMALE < ADULT,FEMALE SUBADULT
DMR979,Liver,infected,0.5905,Adult,Reproductive,Male,Rainy,1D6-DMR979-L_S44,678973.5879,388154.8325,L_S44,4.8,1.3,<15,50,143,8.8,117,19,76,103,56,7.056,60.8,17.1,-13,17,19,76.24,Male Reproductive Adult,Adult,14/07/2017,0.996601307,93,15750,0,MALE SCROTAL ADULT,MALE SCROTAL ADULT
DMR979,Spleen,infected,0.5905,Adult,Reproductive,Male,Rainy,2E4-DMR979-S_S120,1023662.105,368910.0057,S_S120,4.8,1.3,<15,50,143,8.8,117,19,76,103,56,7.056,60.8,17.1,-13,17,19,76.24,Male Reproductive Adult,Adult,14/07/2017,0.996601307,93,15750,0,MALE SCROTAL ADULT,MALE SCROTAL ADULT
DMR980,Liver,infected,0.1476,Young,Nonreproductive,Male,Rainy,1G10-DMR980-L_S78,756157.6278,354278.8344,L_S78,5,1.4,<15,50,138,7.6,114,19,68,29,52,7.068,58.4,16.9,-13,15,17.7,53.71,Male Nonreproductive Juvenile,Juvenile,14/07/2017,0.761843972,31,21000,0,MALE JUVENILE (MASS < 55),MALE JUVENILE
DMR981,Liver,infected,0.5222,Young,Nonreproductive,Male,Rainy,1E4-DMR981-L_S29,502747.948,184950.1412,L_S29,5.2,1.6,<15,57,149,6.3,124,17,86,56,51,7.106,50.1,15.8,<14,16,17.3,66.18,Male Nonreproductive Subadult,Subadult,14/07/2017,0.906575342,47,9000,0,MALE YOUNG/SUBADULT,MALE SUBADULT
DMR982,Liver,infected,0.0571,Young,Nonreproductive,Male,Rainy,2B2-DMR982-L_S104,525730.1693,172891.7353,L_S104,5.1,1.6,16,50,146,4.9,120,20,62,<20,48,7.118,56.4,18.3,-11,12,16.3,41.85,Male Nonreproductive Juvenile,Juvenile,14/07/2017,0.598712446,14,24500,0,MALE JUVENILE (MASS < 55),MALE JUVENILE
DMR982,Spleen,infected,0.0571,Young,Nonreproductive,Male,Rainy,2E9-DMR982-S_S150,377211.9824,150763.6774,S_S150,5.1,1.6,16,50,146,4.9,120,20,62,<20,48,7.118,56.4,18.3,-11,12,16.3,41.85,Male Nonreproductive Juvenile,Juvenile,14/07/2017,0.598712446,14,24500,0,MALE JUVENILE (MASS < 55),MALE JUVENILE
DMR985,Spleen,infected,0.634146341,Adult,Nonreproductive,Male,Rainy,2B3-DMR985-S_S111,,,S_S111,,,,,,,,,,,,,,,,,,,Male Nonreproductive Adult,Adult,15/07/2017,,,,0,MALE ADULT ABDOMINAL,MALE ADULT ABDOMINAL
DMR986,Spleen,infected,0.906666667,Young,Nonreproductive,Female,Rainy,2F10-DMR986-S_S157,,,S_S157,,,,,,,,,,,,,,,,,,,Female Nonreproductive Juvenile,Juvenile,15/07/2017,,,,0,FEMALE JUVENILE NON PREGNANT,FEMALE JUVENILE NON PREGNANT
DMR987,Spleen,infected,0.066115702,Adult,Nonreproductive,Male,Rainy,2D3-DMR987-S_S113,,,S_S113,,,,,,,,,,,,,,,,,,,Male Nonreproductive Adult,Adult,15/07/2017,,,,0,MALE ADULT ABDOMINAL,MALE ADULT ABDOMINAL
DMR989,Liver,infected,0.8416,Young,Nonreproductive,Male,Rainy,1E6-DMR989-L_S45,416939.0725,105520.732,L_S45,5.5,1.8,NA,50,143,8.4,122,27,80,<20,47,7.19,64.9,24.8,-3,5,16,44,Male Nonreproductive Juvenile,Juvenile,15/07/2017,0.651851852,89,10575,0,MALE JUVENILE (MASS < 55),MALE JUVENILE
DMR989,Spleen,infected,0.8416,Young,Nonreproductive,Male,Rainy,1A12-DMR989-S_S88,314361.5582,144304.5388,S_S88,5.5,1.8,NA,50,143,8.4,122,27,80,<20,47,7.19,64.9,24.8,-3,5,16,44,Male Nonreproductive Juvenile,Juvenile,15/07/2017,0.651851852,89,10575,0,MALE JUVENILE (MASS < 55),MALE JUVENILE
DMR990,Liver,infected,1.4343,Adult,Reproductive,Female,Rainy,2C1-DMR990-L_S98,552574.7709,184823.7382,L_S98,5.2,2.2,NA,62,154,6.1,122,17,117,58,60,7.028,59.6,15.7,-15,22,20.4,72.93,Female Reproductive Adult,Adult,15/07/2017,0.941032258,142,9900,0,FEMALE PREGNANT ADULT,FEMALE PREGNANT ADULT
DMR990,Spleen,infected,1.4343,Adult,Reproductive,Female,Rainy,2B11-DMR990-S_S159,278642.9895,142954.9497,S_S159,5.2,2.2,NA,62,154,6.1,122,17,117,58,60,7.028,59.6,15.7,-15,22,20.4,72.93,Female Reproductive Adult,Adult,15/07/2017,0.941032258,142,9900,0,FEMALE PREGNANT ADULT,FEMALE PREGNANT ADULT
DMR991,Liver,infected,0.0125,Adult,Reproductive,Male,Rainy,1C1-DMR991-L_S3,284877.2092,107195.4497,L_S3,5.7,1.4,NA,50,149,4.3,119,16,78,48,52,7.065,52,14.9,-15,20,17.7,75.85,Male Reproductive Adult,Adult,16/07/2017,0.99920959,2,15950,0,MALE SCROTAL ADULT,MALE SCROTAL ADULT
DMR992,Liver,infected,0.0132,Young,Nonreproductive,Male,Rainy,1G8-DMR992-L_S62,243258.2234,138538.609,L_S62,5.8,0.8,NA,64,149,5.2,119,19,73,26,57,7.201,44.3,17.4,-11,18,19.4,65.82,Male Nonreproductive Subadult,Subadult,16/07/2017,0.88337136,2,15200,0,MALE YOUNG/SUBADULT,MALE SUBADULT
DMR992,Liver,infected,0.0132,Young,Nonreproductive,Male,Rainy,2C9-DMR992-L_S148,629386.7508,174352.1472,L_S148,5.8,0.8,NA,64,149,5.2,119,19,73,26,57,7.201,44.3,17.4,-11,18,19.4,65.82,Male Nonreproductive Subadult,Subadult,16/07/2017,0.88337136,2,15200,0,MALE YOUNG/SUBADULT,MALE SUBADULT
DMR993,Liver,infected,0.003218021,Adult,Nonreproductive,Male,Rainy,2B4-DMR993-L_S117,,,L_S117,,,,,,,,,,,,,,,,,,,Male Nonreproductive Adult,Adult,16/07/2017,,,,0,MALE ADULT ABDOMINAL,MALE ADULT ABDOMINAL
DMR993,Liver,infected,0.0032,Adult,Reproductive,Male,Rainy,2A9-DMR993-L_S146,393594.5133,122327.3846,L_S146,5.7,1,NA,50,148,5.2,115,19,90,79,49,7.135,50.9,17.1,-12,21,16.7,78.69,Male Reproductive Adult,Adult,16/07/2017,1.030918381,1,31075,0,MALE SCROTAL ADULT,MALE SCROTAL ADULT
DMR993,Spleen,infected,0.0032,Adult,Reproductive,Male,Rainy,1G11-DMR993-S_S86,334203.4132,177495.1348,S_S86,5.7,1,NA,50,148,5.2,115,19,90,79,49,7.135,50.9,17.1,-12,21,16.7,78.69,Male Reproductive Adult,Adult,16/07/2017,1.030918381,1,31075,0,MALE SCROTAL ADULT,MALE SCROTAL ADULT
DMR994,Liver,infected,0.3721,Young,Nonreproductive,Male,Rainy,1E10-DMR994-L_S76,278010.4295,151231.2515,L_S76,4.9,0.9,NA,50,147,4.3,115,20,59,73,49,7.235,43.8,18.6,-9,18,16.7,65.97,Male Nonreproductive Subadult,Subadult,16/07/2017,0.881244991,36,9675,0,MALE YOUNG/SUBADULT,MALE SUBADULT
DMR995,Liver,infected,0.0591,Adult,Reproductive,Female,Rainy,1B5-DMR995-L_S34,185628.3813,66525.13542,L_S34,4.5,1.3,NA,67,140,6.7,118,17,99,55,50,7.204,41,16.2,-12,13,17,66.73,Female Reproductive Adult,Adult,16/07/2017,0.910616812,9,15225,1,FEMALE PREGNANT ADULT,FEMALE PREGNANT ADULT
DMR995,Spleen,infected,0.0591,Adult,Reproductive,Female,Rainy,2A10-DMR995-S_S152,391400.9975,203355.3634,S_S152,4.5,1.3,NA,67,140,6.7,118,17,99,55,50,7.204,41,16.2,-12,13,17,66.73,Female Reproductive Adult,Adult,16/07/2017,0.910616812,9,15225,1,FEMALE PREGNANT ADULT,FEMALE PREGNANT ADULT
DMR997,Liver,infected,0.95,Adult,Reproductive,Female,Rainy,1H12-DMR997-L_S95,355217.6669,166563.3487,L_S95,4.6,1.2,NA,50,138,7.1,NA,25,NA,NA,NA,7.149,66,23,-6,NA,NA,67.77,Female Reproductive Adult,Adult,16/07/2017,0.8629823,57,6000,0,FEMALE PREGNANT ADULT,FEMALE PREGNANT ADULT
DMR997,Spleen,infected,0.95,Adult,Reproductive,Female,Rainy,2F11-DMR997-S_S163,551579.0649,206754.8408,S_S163,4.6,1.2,NA,50,138,7.1,NA,25,NA,NA,NA,7.149,66,23,-6,NA,NA,67.77,Female Reproductive Adult,Adult,16/07/2017,0.8629823,57,6000,0,FEMALE PREGNANT ADULT,FEMALE PREGNANT ADULT
DMR998,Liver,infected,0.0758,Young,Nonreproductive,Male,Rainy,1H8-DMR998-L_S63,165392.4637,83028.00724,L_S63,4.9,1.2,NA,66,145,4.8,116,19,56,51,53,7.188,46.4,17.6,-11,16,18,62.7,Male Nonreproductive Subadult,Subadult,16/07/2017,0.880617978,5,6600,0,MALE YOUNG/SUBADULT,MALE SUBADULT
DMR999,Liver,infected,0.06,Adult,Reproductive,Female,Rainy,1F7-DMR999-L_S53,412986.6318,114307.4287,L_S53,5.4,1.3,NA,50,147,5.2,118,22,76,47,57,7.12,62.4,20.3,-9,14,19.4,66.68,Female Reproductive Adult,Adult,16/07/2017,0.886938015,9,15000,0,FEMALE PREGNANT ADULT,FEMALE PREGNANT ADULT
